t,seq,yaw,p,q,r,ax,ay,az,temp_c
0.540,2,0.054000,0.052000,0.008000,0.100000,0.264780,0.961052,9.649744,30.16
0.668,3,0.063000,0.051000,0.008000,0.100000,0.304006,0.951245,9.630130,30.19
1.521,6,0.152000,0.047000,0.005000,0.100000,0.676659,0.804145,9.414384,30.46
1.691,8,0.169000,0.046000,0.004000,0.100000,0.735499,0.764919,9.394771,30.51
1.744,9,0.175000,0.045000,0.004000,0.100000,0.755112,0.755112,9.384964,30.52
2.672,13,0.267000,0.036000,0.001000,0.100000,0.951245,0.470719,9.316317,30.79
2.878,15,0.287000,0.034000,0.000000,0.100000,0.970858,0.402073,9.326124,30.85
2.939,16,0.294000,0.033000,0.000000,0.100000,0.970858,0.372653,9.326124,30.87
3.118,18,0.312000,0.031000,-0.001000,0.100000,0.980665,0.313813,9.335931,30.92
3.170,19,0.317000,0.030000,-0.001000,0.100000,0.980665,0.294199,9.345737,30.94
3.919,22,0.392000,0.020000,-0.004000,0.100000,0.912018,0.000000,9.453611,31.15
4.097,23,0.410000,0.018000,-0.004000,0.100000,0.872792,-0.068647,9.492837,31.20
5.314,26,0.532000,-0.001000,-0.008000,0.100000,0.451106,-0.519752,9.826263,31.52
5.454,28,0.546000,-0.003000,-0.009000,0.100000,0.392266,-0.558979,9.875297,31.56
5.508,29,0.551000,-0.004000,-0.009000,0.100000,0.372653,-0.578592,9.885103,31.57
5.642,31,0.564000,-0.006000,-0.009000,0.100000,0.304006,-0.617819,9.924330,31.60
5.694,32,0.570000,-0.007000,-0.009000,0.100000,0.284393,-0.637432,9.943943,31.62
7.848,38,0.785000,-0.037000,-0.015000,0.100000,-0.696272,-0.980665,10.296983,32.12
7.908,39,0.791000,-0.038000,-0.015000,0.100000,-0.715885,-0.980665,10.296983,32.13
7.965,40,0.796000,-0.038000,-0.015000,0.100000,-0.725692,-0.980665,10.296983,32.14
8.018,41,0.802000,-0.039000,-0.015000,0.100000,-0.745305,-0.980665,10.296983,32.16
8.821,44,0.882000,-0.046000,-0.016000,0.100000,-0.931632,-0.912018,10.218529,32.32
9.499,46,0.950000,-0.050000,-0.017000,0.100000,-0.980665,-0.774725,10.081236,32.44
9.553,47,0.955000,-0.050000,-0.017000,0.100000,-0.980665,-0.764919,10.061623,32.45
9.606,48,0.961000,-0.051000,-0.017000,0.100000,-0.980665,-0.745305,10.051816,32.46
9.662,49,0.966000,-0.051000,-0.017000,0.100000,-0.970858,-0.735499,10.032203,32.47
9.716,50,0.972000,-0.051000,-0.017000,0.100000,-0.970858,-0.715885,10.022396,32.48
9.767,51,0.977000,-0.051000,-0.017000,0.100000,-0.970858,-0.706079,10.002783,32.49
9.823,52,0.982000,-0.051000,-0.017000,0.100000,-0.961052,-0.696272,9.992976,32.50
9.874,53,0.988000,-0.052000,-0.017000,0.100000,-0.951245,-0.676659,9.983170,32.50
9.925,54,0.993000,-0.052000,-0.017000,0.100000,-0.951245,-0.666852,9.963556,32.51
9.978,55,0.998000,-0.052000,-0.017000,0.100000,-0.941438,-0.647239,9.953750,32.52
10.032,56,1.003000,-0.052000,-0.017000,0.100000,-0.931632,-0.627626,9.934136,32.53
10.085,57,1.009000,-0.052000,-0.017000,0.100000,-0.931632,-0.617819,9.914523,32.54
10.322,59,1.031000,-0.052000,-0.017000,0.100000,-0.882598,-0.539366,9.855683,32.57
10.484,61,1.049000,-0.052000,-0.017000,0.100000,-0.843372,-0.490333,9.806650,32.60
11.210,64,1.121000,-0.051000,-0.017000,0.100000,-0.617819,-0.225553,9.600710,32.70
11.269,65,1.126000,-0.051000,-0.017000,0.100000,-0.598206,-0.205940,9.581097,32.71
11.323,66,1.132000,-0.051000,-0.017000,0.100000,-0.568786,-0.176520,9.571290,32.72
11.375,67,1.138000,-0.050000,-0.017000,0.100000,-0.549172,-0.156906,9.551677,32.72
11.447,68,1.145000,-0.050000,-0.017000,0.100000,-0.519752,-0.127486,9.532064,32.73
11.500,69,1.150000,-0.050000,-0.017000,0.100000,-0.500139,-0.107873,9.522257,32.74
11.552,70,1.155000,-0.050000,-0.017000,0.100000,-0.480526,-0.088260,9.512450,32.74
11.619,71,1.162000,-0.049000,-0.017000,0.100000,-0.451106,-0.058840,9.492837,32.75
11.672,72,1.167000,-0.049000,-0.017000,0.100000,-0.421686,-0.039227,9.483031,32.76
11.727,73,1.173000,-0.049000,-0.017000,0.100000,-0.402073,-0.019613,9.473224,32.77
11.782,74,1.178000,-0.048000,-0.017000,0.100000,-0.372653,0.000000,9.463417,32.77
11.837,75,1.184000,-0.048000,-0.017000,0.100000,-0.353039,0.019613,9.443804,32.78
11.889,76,1.189000,-0.048000,-0.017000,0.100000,-0.323619,0.039227,9.433997,32.78
11.945,77,1.195000,-0.047000,-0.017000,0.100000,-0.294199,0.068647,9.424191,32.79
11.999,78,1.200000,-0.047000,-0.017000,0.100000,-0.274586,0.088260,9.414384,32.80
12.052,79,1.205000,-0.047000,-0.017000,0.100000,-0.245166,0.107873,9.404577,32.80
12.106,80,1.211000,-0.046000,-0.017000,0.100000,-0.225553,0.127486,9.394771,32.81
12.165,81,1.216000,-0.046000,-0.017000,0.100000,-0.196133,0.147100,9.394771,32.81
12.237,82,1.223000,-0.045000,-0.017000,0.100000,-0.166713,0.176520,9.375157,32.82
12.289,83,1.229000,-0.045000,-0.017000,0.100000,-0.137293,0.196133,9.375157,32.83
12.344,84,1.235000,-0.044000,-0.017000,0.100000,-0.107873,0.215746,9.365351,32.83
12.402,85,1.240000,-0.044000,-0.016000,0.100000,-0.078453,0.245166,9.355544,32.84
12.457,86,1.246000,-0.043000,-0.016000,0.100000,-0.049033,0.264780,9.355544,32.84
12.508,87,1.251000,-0.043000,-0.016000,0.100000,-0.029420,0.284393,9.345737,32.85
12.565,88,1.257000,-0.042000,-0.016000,0.100000,0.000000,0.304006,9.335931,32.85
12.618,89,1.262000,-0.042000,-0.016000,0.100000,0.029420,0.323619,9.335931,32.86
12.670,90,1.267000,-0.041000,-0.016000,0.100000,0.049033,0.343233,9.335931,32.86
12.725,91,1.273000,-0.041000,-0.016000,0.100000,0.078453,0.362846,9.326124,32.87
12.779,92,1.278000,-0.040000,-0.016000,0.100000,0.107873,0.382459,9.326124,32.87
12.833,93,1.283000,-0.040000,-0.016000,0.100000,0.127486,0.402073,9.326124,32.88
12.890,94,1.289000,-0.039000,-0.016000,0.100000,0.156906,0.421686,9.316317,32.88
12.944,95,1.294000,-0.039000,-0.016000,0.100000,0.186326,0.441299,9.316317,32.89
12.994,96,1.300000,-0.038000,-0.016000,0.100000,0.205940,0.460913,9.316317,32.89
13.052,97,1.305000,-0.037000,-0.016000,0.100000,0.235360,0.480526,9.316317,32.89
13.104,98,1.310000,-0.037000,-0.015000,0.100000,0.264780,0.500139,9.316317,32.90
13.157,99,1.316000,-0.036000,-0.015000,0.100000,0.284393,0.509946,9.316317,32.90
13.215,100,1.322000,-0.036000,-0.015000,0.100000,0.313813,0.529559,9.316317,32.91
13.269,101,1.327000,-0.035000,-0.015000,0.100000,0.333426,0.549172,9.316317,32.91
13.322,102,1.332000,-0.034000,-0.015000,0.100000,0.362846,0.568786,9.316317,32.92
13.377,103,1.338000,-0.034000,-0.015000,0.100000,0.392266,0.588399,9.326124,32.92
13.430,104,1.343000,-0.033000,-0.015000,0.100000,0.411879,0.598206,9.326124,32.92
13.493,105,1.349000,-0.032000,-0.015000,0.100000,0.441299,0.617819,9.326124,32.93
13.554,106,1.356000,-0.032000,-0.015000,0.100000,0.460913,0.637432,9.335931,32.93
13.607,107,1.361000,-0.031000,-0.015000,0.100000,0.490333,0.657046,9.335931,32.93
13.672,108,1.367000,-0.030000,-0.014000,0.100000,0.509946,0.676659,9.345737,32.94
13.725,109,1.373000,-0.029000,-0.014000,0.100000,0.539366,0.686466,9.355544,32.94
14.372,111,1.437000,-0.020000,-0.013000,0.100000,0.774725,0.843372,9.453611,32.97
14.426,112,1.443000,-0.020000,-0.013000,0.100000,0.784532,0.853179,9.463417,32.98
15.368,116,1.537000,-0.005000,-0.010000,0.100000,0.970858,0.970858,9.708583,33.00
15.421,117,1.542000,-0.004000,-0.010000,0.100000,0.970858,0.970858,9.728197,33.00
15.474,118,1.548000,-0.004000,-0.010000,0.100000,0.970858,0.980665,9.738003,33.00
15.542,119,1.554000,-0.003000,-0.010000,0.100000,0.980665,0.980665,9.757617,33.00
15.601,120,1.560000,-0.002000,-0.010000,0.100000,0.980665,0.980665,9.777230,33.00
15.653,121,1.566000,-0.001000,-0.010000,0.100000,0.980665,0.980665,9.787037,33.00
15.706,122,1.571000,0.000000,-0.009000,0.100000,0.980665,0.980665,9.806650,33.00
15.759,123,1.576000,0.001000,-0.009000,0.100000,0.980665,0.980665,9.826263,33.00
15.810,124,1.581000,0.002000,-0.009000,0.100000,0.980665,0.980665,9.836070,33.00
15.862,125,1.586000,0.002000,-0.009000,0.100000,0.980665,0.980665,9.855683,33.00
15.918,126,1.592000,0.003000,-0.009000,0.100000,0.970858,0.980665,9.865490,33.00
15.971,127,1.597000,0.004000,-0.009000,0.100000,0.970858,0.970858,9.885103,33.00
16.040,128,1.604000,0.005000,-0.008000,0.100000,0.970858,0.970858,9.904716,33.00
16.091,129,1.609000,0.006000,-0.008000,0.100000,0.961052,0.970858,9.914523,33.00
16.144,130,1.615000,0.007000,-0.008000,0.100000,0.961052,0.961052,9.934136,33.00
16.208,131,1.621000,0.008000,-0.008000,0.100000,0.951245,0.961052,9.953750,33.00
16.261,132,1.626000,0.009000,-0.008000,0.100000,0.941438,0.961052,9.963556,33.00
17.114,135,1.712000,0.021000,-0.005000,0.100000,0.745305,0.833565,10.169496,32.97
17.166,136,1.717000,0.022000,-0.005000,0.100000,0.735499,0.813952,10.179303,32.97
17.224,137,1.722000,0.023000,-0.005000,0.100000,0.715885,0.804145,10.189109,32.97
17.288,138,1.729000,0.024000,-0.004000,0.100000,0.686466,0.794339,10.208723,32.96
17.339,139,1.734000,0.025000,-0.004000,0.100000,0.666852,0.774725,10.218529,32.96
17.391,140,1.739000,0.025000,-0.004000,0.100000,0.657046,0.764919,10.218529,32.96
17.446,141,1.745000,0.026000,-0.004000,0.100000,0.637432,0.755112,10.228336,32.95
17.497,142,1.750000,0.027000,-0.004000,0.100000,0.608012,0.735499,10.238143,32.95
18.191,144,1.819000,0.036000,-0.001000,0.100000,0.313813,0.539366,10.296983,32.91
18.271,145,1.827000,0.036000,-0.001000,0.100000,0.274586,0.509946,10.296983,32.90
18.324,146,1.833000,0.037000,-0.001000,0.100000,0.254973,0.490333,10.296983,32.90
18.431,148,1.843000,0.038000,0.000000,0.100000,0.205940,0.451106,10.296983,32.89
18.483,149,1.849000,0.039000,0.000000,0.100000,0.176520,0.431493,10.296983,32.89
18.678,151,1.868000,0.041000,0.000000,0.100000,0.078453,0.362846,10.287176,32.87
18.729,152,1.873000,0.041000,0.001000,0.100000,0.058840,0.343233,10.287176,32.86
18.782,153,1.878000,0.042000,0.001000,0.100000,0.029420,0.323619,10.277369,32.86
20.745,158,2.075000,0.052000,0.007000,0.100000,-0.794339,-0.421686,9.865490,32.63
20.809,159,2.081000,0.052000,0.008000,0.100000,-0.813952,-0.441299,9.845877,32.62
20.869,160,2.087000,0.052000,0.008000,0.100000,-0.833565,-0.460913,9.826263,32.61
20.921,161,2.092000,0.052000,0.008000,0.100000,-0.843372,-0.480526,9.816457,32.60
20.972,162,2.097000,0.052000,0.008000,0.100000,-0.853179,-0.500139,9.796843,32.59
21.028,163,2.103000,0.052000,0.008000,0.100000,-0.872792,-0.519752,9.787037,32.59
21.090,164,2.109000,0.052000,0.008000,0.100000,-0.882598,-0.539366,9.767423,32.58
21.160,165,2.116000,0.052000,0.009000,0.100000,-0.892405,-0.558979,9.747810,32.57
21.218,166,2.122000,0.052000,0.009000,0.100000,-0.912018,-0.578592,9.728197,32.56
21.269,167,2.127000,0.052000,0.009000,0.100000,-0.921825,-0.598206,9.708583,32.55
21.336,168,2.134000,0.052000,0.009000,0.100000,-0.931632,-0.617819,9.688970,32.54
21.393,169,2.139000,0.052000,0.009000,0.100000,-0.941438,-0.637432,9.679164,32.53
21.446,170,2.145000,0.052000,0.010000,0.100000,-0.941438,-0.647239,9.659550,32.52
21.507,171,2.150000,0.052000,0.010000,0.100000,-0.951245,-0.666852,9.649744,32.51
21.559,172,2.156000,0.051000,0.010000,0.100000,-0.961052,-0.686466,9.630130,32.50
21.610,173,2.161000,0.051000,0.010000,0.100000,-0.961052,-0.696272,9.610517,32.49
21.682,174,2.168000,0.051000,0.010000,0.100000,-0.970858,-0.715885,9.600710,32.48
21.733,175,2.174000,0.051000,0.010000,0.100000,-0.970858,-0.725692,9.581097,32.47
21.787,176,2.179000,0.051000,0.010000,0.100000,-0.970858,-0.745305,9.571290,32.46
21.852,177,2.185000,0.050000,0.011000,0.100000,-0.980665,-0.764919,9.551677,32.45
21.903,178,2.190000,0.050000,0.011000,0.100000,-0.980665,-0.774725,9.541870,32.44
21.954,179,2.196000,0.050000,0.011000,0.100000,-0.980665,-0.784532,9.522257,32.43
22.962,182,2.296000,0.043000,0.013000,0.100000,-0.862985,-0.951245,9.345737,32.24
23.019,183,2.302000,0.043000,0.014000,0.100000,-0.853179,-0.961052,9.345737,32.23
23.070,184,2.307000,0.042000,0.014000,0.100000,-0.843372,-0.961052,9.335931,32.22
23.177,186,2.318000,0.041000,0.014000,0.100000,-0.813952,-0.970858,9.326124,32.20
23.228,187,2.323000,0.041000,0.014000,0.100000,-0.794339,-0.970858,9.326124,32.19
23.880,189,2.388000,0.033000,0.015000,0.100000,-0.578592,-0.970858,9.326124,32.05
23.933,190,2.393000,0.033000,0.015000,0.100000,-0.549172,-0.970858,9.326124,32.04
24.111,192,2.411000,0.030000,0.016000,0.100000,-0.480526,-0.961052,9.345737,32.00
24.167,193,2.417000,0.030000,0.016000,0.100000,-0.451106,-0.951245,9.345737,31.99
24.242,194,2.422000,0.029000,0.016000,0.100000,-0.431493,-0.951245,9.355544,31.98
24.298,195,2.430000,0.028000,0.016000,0.100000,-0.402073,-0.941438,9.365351,31.96
24.350,196,2.435000,0.027000,0.016000,0.100000,-0.372653,-0.931632,9.375157,31.95
24.402,197,2.440000,0.027000,0.016000,0.100000,-0.353039,-0.921825,9.375157,31.94
24.464,198,2.446000,0.026000,0.016000,0.100000,-0.323619,-0.921825,9.384964,31.92
24.518,199,2.452000,0.025000,0.016000,0.100000,-0.294199,-0.912018,9.394771,31.91
24.572,200,2.457000,0.024000,0.016000,0.100000,-0.274586,-0.902212,9.404577,31.90
24.623,201,2.463000,0.024000,0.016000,0.100000,-0.245166,-0.892405,9.414384,31.88
24.685,202,2.469000,0.023000,0.016000,0.100000,-0.215746,-0.882598,9.424191,31.87
24.736,203,2.474000,0.022000,0.016000,0.100000,-0.196133,-0.872792,9.433997,31.86
24.795,204,2.480000,0.021000,0.017000,0.100000,-0.166713,-0.862985,9.443804,31.84
24.875,205,2.488000,0.020000,0.017000,0.100000,-0.127486,-0.843372,9.463417,31.82
24.927,206,2.493000,0.019000,0.017000,0.100000,-0.098067,-0.833565,9.473224,31.81
24.980,207,2.498000,0.018000,0.017000,0.100000,-0.078453,-0.823759,9.483031,31.80
25.037,208,2.504000,0.018000,0.017000,0.100000,-0.049033,-0.813952,9.492837,31.79
25.142,210,2.514000,0.016000,0.017000,0.100000,0.009807,-0.794339,9.522257,31.76
25.194,211,2.520000,0.015000,0.017000,0.100000,0.029420,-0.774725,9.532064,31.75
25.253,212,2.525000,0.014000,0.017000,0.100000,0.058840,-0.764919,9.551677,31.73
25.308,213,2.531000,0.014000,0.017000,0.100000,0.088260,-0.755112,9.561484,31.72
25.931,215,2.593000,0.004000,0.017000,0.100000,0.382459,-0.568786,9.738003,31.56
25.994,216,2.599000,0.003000,0.017000,0.100000,0.411879,-0.549172,9.747810,31.55
26.049,217,2.605000,0.002000,0.017000,0.100000,0.431493,-0.529559,9.767423,31.53
26.148,218,2.615000,0.000000,0.017000,0.100000,0.480526,-0.500139,9.796843,31.51
26.777,220,2.677000,-0.009000,0.017000,0.100000,0.715885,-0.274586,9.973363,31.34
26.829,221,2.683000,-0.010000,0.017000,0.100000,0.735499,-0.254973,9.992976,31.33
26.886,222,2.689000,-0.011000,0.017000,0.100000,0.755112,-0.235360,10.012590,31.31
26.939,223,2.694000,-0.012000,0.017000,0.100000,0.774725,-0.215746,10.022396,31.30
26.993,224,2.699000,-0.013000,0.017000,0.100000,0.784532,-0.196133,10.032203,31.28
27.090,225,2.709000,-0.014000,0.017000,0.100000,0.813952,-0.156906,10.061623,31.26
27.144,226,2.715000,-0.015000,0.017000,0.100000,0.823759,-0.137293,10.071430,31.24
27.200,227,2.720000,-0.016000,0.017000,0.100000,0.843372,-0.107873,10.091043,31.23
27.253,228,2.725000,-0.017000,0.017000,0.100000,0.853179,-0.088260,10.100849,31.21
27.306,229,2.731000,-0.017000,0.017000,0.100000,0.872792,-0.068647,10.110656,31.20
27.357,230,2.736000,-0.018000,0.017000,0.100000,0.882598,-0.049033,10.130269,31.18
27.410,231,2.741000,-0.019000,0.017000,0.100000,0.892405,-0.029420,10.140076,31.17
27.463,232,2.746000,-0.020000,0.017000,0.100000,0.902212,-0.009807,10.149883,31.15
27.540,233,2.754000,-0.021000,0.017000,0.100000,0.912018,0.019613,10.159689,31.13
27.592,234,2.759000,-0.022000,0.017000,0.100000,0.921825,0.039227,10.179303,31.12
27.645,235,2.765000,-0.022000,0.017000,0.100000,0.931632,0.058840,10.189109,31.10
27.719,236,2.772000,-0.023000,0.017000,0.100000,0.941438,0.088260,10.198916,31.08
27.775,237,2.778000,-0.024000,0.017000,0.100000,0.951245,0.107873,10.208723,31.07
27.922,239,2.792000,-0.026000,0.017000,0.100000,0.961052,0.166713,10.228336,31.03
27.984,240,2.799000,-0.027000,0.017000,0.100000,0.970858,0.196133,10.238143,31.01
28.038,241,2.804000,-0.028000,0.017000,0.100000,0.970858,0.215746,10.247949,30.99
28.113,242,2.811000,-0.029000,0.016000,0.100000,0.980665,0.245166,10.257756,30.97
28.173,243,2.817000,-0.029000,0.016000,0.100000,0.980665,0.264780,10.257756,30.96
28.286,244,2.829000,-0.031000,0.016000,0.100000,0.980665,0.304006,10.277369,30.92
28.340,245,2.834000,-0.032000,0.016000,0.100000,0.980665,0.323619,10.277369,30.91
28.406,246,2.841000,-0.032000,0.016000,0.100000,0.980665,0.353039,10.287176,30.89
28.463,247,2.846000,-0.033000,0.016000,0.100000,0.980665,0.372653,10.287176,30.87
28.517,248,2.852000,-0.034000,0.016000,0.100000,0.970858,0.392266,10.287176,30.86
28.640,249,2.863000,-0.035000,0.016000,0.100000,0.961052,0.431493,10.296983,30.83
28.695,250,2.870000,-0.036000,0.016000,0.100000,0.961052,0.451106,10.296983,30.81
28.747,251,2.875000,-0.036000,0.016000,0.100000,0.951245,0.470719,10.296983,30.79
28.813,252,2.881000,-0.037000,0.015000,0.100000,0.941438,0.500139,10.296983,30.77
28.868,253,2.887000,-0.038000,0.015000,0.100000,0.941438,0.509946,10.296983,30.76
28.923,254,2.893000,-0.038000,0.015000,0.100000,0.931632,0.529559,10.296983,30.74
28.985,255,2.899000,-0.039000,0.015000,0.100000,0.921825,0.549172,10.296983,30.72
29.036,256,2.904000,-0.040000,0.015000,0.100000,0.912018,0.568786,10.287176,30.71
29.092,257,2.909000,-0.040000,0.015000,0.100000,0.902212,0.588399,10.287176,30.69
29.145,258,2.915000,-0.041000,0.015000,0.100000,0.892405,0.608012,10.287176,30.67
29.206,259,2.921000,-0.041000,0.015000,0.100000,0.872792,0.617819,10.287176,30.66
29.259,260,2.926000,-0.042000,0.015000,0.100000,0.862985,0.637432,10.277369,30.64
29.310,261,2.931000,-0.042000,0.015000,0.100000,0.853179,0.657046,10.277369,30.63
29.369,262,2.937000,-0.043000,0.014000,0.100000,0.833565,0.666852,10.267563,30.61
29.423,263,2.942000,-0.043000,0.014000,0.100000,0.823759,0.686466,10.267563,30.59
29.476,264,2.948000,-0.044000,0.014000,0.100000,0.804145,0.696272,10.257756,30.58
29.580,266,2.958000,-0.045000,0.014000,0.100000,0.774725,0.725692,10.247949,30.55
29.674,267,2.968000,-0.045000,0.014000,0.100000,0.745305,0.755112,10.228336,30.52
29.726,268,2.973000,-0.046000,0.014000,0.100000,0.735499,0.764919,10.218529,30.50
29.787,269,2.979000,-0.046000,0.014000,0.100000,0.715885,0.784532,10.208723,30.49
30.435,271,3.044000,-0.050000,0.012000,0.100000,0.460913,0.902212,10.081236,30.29
30.613,273,3.061000,-0.051000,0.012000,0.100000,0.382459,0.931632,10.032203,30.24
30.673,274,3.067000,-0.051000,0.011000,0.100000,0.353039,0.941438,10.022396,30.22
30.726,275,3.073000,-0.051000,0.011000,0.100000,0.333426,0.941438,10.002783,30.21
30.778,276,3.078000,-0.051000,0.011000,0.100000,0.304006,0.951245,9.992976,30.19
31.522,278,-3.132000,-0.052000,0.009000,0.100000,-0.049033,0.980665,9.777230,29.97
31.574,279,-3.126000,-0.052000,0.009000,0.100000,-0.078453,0.980665,9.757617,29.95
31.625,280,-3.120000,-0.052000,0.009000,0.100000,-0.107873,0.980665,9.747810,29.94
31.681,281,-3.115000,-0.052000,0.009000,0.100000,-0.127486,0.970858,9.728197,29.92
31.734,282,-3.110000,-0.052000,0.008000,0.100000,-0.156906,0.970858,9.708583,29.90
31.787,283,-3.104000,-0.052000,0.008000,0.100000,-0.186326,0.970858,9.698777,29.89
31.906,285,-3.092000,-0.052000,0.008000,0.100000,-0.235360,0.961052,9.659550,29.85
31.958,286,-3.087000,-0.052000,0.008000,0.100000,-0.264780,0.961052,9.649744,29.84
32.016,287,-3.081000,-0.052000,0.008000,0.100000,-0.294199,0.951245,9.630130,29.82
32.073,288,-3.076000,-0.051000,0.007000,0.100000,-0.313813,0.951245,9.620324,29.80
32.127,289,-3.070000,-0.051000,0.007000,0.100000,-0.343233,0.941438,9.600710,29.79
32.181,290,-3.065000,-0.051000,0.007000,0.100000,-0.362846,0.931632,9.590904,29.77
32.232,291,-3.060000,-0.051000,0.007000,0.100000,-0.392266,0.931632,9.571290,29.75
32.287,292,-3.054000,-0.051000,0.007000,0.100000,-0.411879,0.921825,9.561484,29.74
34.306,298,-2.853000,-0.034000,0.000000,0.100000,-0.970858,0.392266,9.326124,29.14
34.360,299,-2.847000,-0.033000,0.000000,0.100000,-0.980665,0.372653,9.326124,29.13
34.415,300,-2.841000,-0.033000,-0.001000,0.100000,-0.980665,0.353039,9.326124,29.11
34.468,301,-2.836000,-0.032000,-0.001000,0.100000,-0.980665,0.333426,9.335931,29.10
34.542,302,-2.831000,-0.031000,-0.001000,0.100000,-0.980665,0.313813,9.335931,29.08
34.600,303,-2.823000,-0.030000,-0.001000,0.100000,-0.980665,0.284393,9.345737,29.06
34.656,304,-2.817000,-0.029000,-0.001000,0.100000,-0.980665,0.264780,9.345737,29.04
35.301,306,-2.753000,-0.021000,-0.004000,0.100000,-0.912018,0.019613,9.453611,28.86
35.992,308,-2.684000,-0.010000,-0.006000,0.100000,-0.735499,-0.254973,9.620324,28.67
36.044,309,-2.679000,-0.009000,-0.006000,0.100000,-0.725692,-0.274586,9.630130,28.66
36.101,310,-2.673000,-0.009000,-0.006000,0.100000,-0.706079,-0.294199,9.649744,28.65
36.213,312,-2.662000,-0.007000,-0.007000,0.100000,-0.666852,-0.333426,9.679164,28.61
36.265,313,-2.657000,-0.006000,-0.007000,0.100000,-0.647239,-0.353039,9.698777,28.60
36.324,314,-2.651000,-0.005000,-0.007000,0.100000,-0.617819,-0.372653,9.708583,28.59
36.376,315,-2.645000,-0.004000,-0.007000,0.100000,-0.598206,-0.392266,9.728197,28.57
36.429,316,-2.640000,-0.003000,-0.007000,0.100000,-0.578592,-0.411879,9.738003,28.56
36.483,317,-2.635000,-0.003000,-0.007000,0.100000,-0.558979,-0.431493,9.757617,28.54
36.535,318,-2.629000,-0.002000,-0.008000,0.100000,-0.539366,-0.451106,9.777230,28.53
36.588,319,-2.624000,-0.001000,-0.008000,0.100000,-0.519752,-0.470719,9.787037,28.52
36.674,320,-2.616000,0.000000,-0.008000,0.100000,-0.480526,-0.500139,9.816457,28.49
36.729,321,-2.610000,0.001000,-0.008000,0.100000,-0.460913,-0.519752,9.826263,28.48
36.816,322,-2.602000,0.003000,-0.009000,0.100000,-0.421686,-0.549172,9.855683,28.46
36.869,323,-2.596000,0.003000,-0.009000,0.100000,-0.392266,-0.558979,9.865490,28.44
36.925,324,-2.590000,0.004000,-0.009000,0.100000,-0.372653,-0.578592,9.885103,28.43
36.981,325,-2.585000,0.005000,-0.009000,0.100000,-0.343233,-0.598206,9.904716,28.41
37.037,326,-2.579000,0.006000,-0.009000,0.100000,-0.313813,-0.617819,9.924330,28.40
37.093,327,-2.574000,0.007000,-0.009000,0.100000,-0.294199,-0.627626,9.934136,28.39
37.145,328,-2.569000,0.008000,-0.009000,0.100000,-0.264780,-0.647239,9.953750,28.37
37.197,329,-2.563000,0.009000,-0.010000,0.100000,-0.245166,-0.666852,9.963556,28.36
37.256,330,-2.557000,0.009000,-0.010000,0.100000,-0.215746,-0.676659,9.983170,28.35
37.314,331,-2.552000,0.010000,-0.010000,0.100000,-0.186326,-0.696272,9.992976,28.33
37.366,332,-2.546000,0.011000,-0.010000,0.100000,-0.156906,-0.706079,10.012590,28.32
37.430,333,-2.540000,0.012000,-0.010000,0.100000,-0.127486,-0.725692,10.032203,28.30
37.490,334,-2.534000,0.013000,-0.010000,0.100000,-0.098067,-0.745305,10.042010,28.29
37.550,335,-2.528000,0.014000,-0.011000,0.100000,-0.068647,-0.755112,10.061623,28.27
37.601,336,-2.523000,0.015000,-0.011000,0.100000,-0.049033,-0.774725,10.071430,28.26
37.654,337,-2.518000,0.016000,-0.011000,0.100000,-0.019613,-0.784532,10.081236,28.25
37.732,338,-2.511000,0.017000,-0.011000,0.100000,0.009807,-0.804145,10.100849,28.23
37.789,339,-2.505000,0.017000,-0.011000,0.100000,0.039227,-0.813952,10.110656,28.22
37.842,340,-2.499000,0.018000,-0.011000,0.100000,0.068647,-0.823759,10.130269,28.20
37.914,341,-2.493000,0.019000,-0.012000,0.100000,0.098067,-0.833565,10.140076,28.19
37.966,342,-2.486000,0.020000,-0.012000,0.100000,0.127486,-0.853179,10.159689,28.17
38.018,343,-2.481000,0.021000,-0.012000,0.100000,0.156906,-0.862985,10.169496,28.16
38.079,344,-2.475000,0.022000,-0.012000,0.100000,0.186326,-0.872792,10.179303,28.15
38.134,345,-2.470000,0.023000,-0.012000,0.100000,0.215746,-0.882598,10.189109,28.13
39.393,348,-2.344000,0.038000,-0.015000,0.100000,0.735499,-0.980665,10.296983,27.85
39.444,349,-2.339000,0.039000,-0.015000,0.100000,0.755112,-0.980665,10.296983,27.84
39.509,350,-2.332000,0.040000,-0.015000,0.100000,0.774725,-0.980665,10.287176,27.83
39.560,351,-2.327000,0.040000,-0.015000,0.100000,0.784532,-0.970858,10.287176,27.82
39.620,352,-2.321000,0.041000,-0.015000,0.100000,0.804145,-0.970858,10.287176,27.81
39.684,353,-2.315000,0.041000,-0.015000,0.100000,0.823759,-0.970858,10.277369,27.79
39.741,354,-2.309000,0.042000,-0.016000,0.100000,0.833565,-0.961052,10.277369,27.78
39.794,355,-2.304000,0.042000,-0.016000,0.100000,0.853179,-0.961052,10.277369,27.77
39.846,356,-2.298000,0.043000,-0.016000,0.100000,0.862985,-0.951245,10.267563,27.76
39.899,357,-2.293000,0.043000,-0.016000,0.100000,0.872792,-0.951245,10.257756,27.75
39.966,358,-2.287000,0.044000,-0.016000,0.100000,0.892405,-0.941438,10.257756,27.74
40.020,359,-2.281000,0.044000,-0.016000,0.100000,0.902212,-0.941438,10.247949,27.73
40.072,360,-2.276000,0.045000,-0.016000,0.100000,0.912018,-0.931632,10.238143,27.72
40.141,361,-2.269000,0.045000,-0.016000,0.100000,0.921825,-0.921825,10.228336,27.70
40.195,362,-2.264000,0.046000,-0.016000,0.100000,0.931632,-0.912018,10.218529,27.69
40.247,363,-2.258000,0.046000,-0.016000,0.100000,0.941438,-0.902212,10.218529,27.68
40.333,364,-2.250000,0.047000,-0.016000,0.100000,0.951245,-0.892405,10.198916,27.67
40.387,365,-2.245000,0.047000,-0.016000,0.100000,0.951245,-0.882598,10.189109,27.66
41.182,368,-2.165000,0.051000,-0.017000,0.100000,0.970858,-0.706079,10.002783,27.51
41.253,369,-2.158000,0.051000,-0.017000,0.100000,0.961052,-0.686466,9.992976,27.50
41.308,370,-2.152000,0.052000,-0.017000,0.100000,0.951245,-0.676659,9.973363,27.49
41.361,371,-2.147000,0.052000,-0.017000,0.100000,0.951245,-0.657046,9.953750,27.48
41.418,372,-2.141000,0.052000,-0.017000,0.100000,0.941438,-0.637432,9.943943,27.47
41.474,373,-2.136000,0.052000,-0.017000,0.100000,0.931632,-0.627626,9.924330,27.47
41.528,374,-2.130000,0.052000,-0.017000,0.100000,0.921825,-0.608012,9.914523,27.46
41.586,375,-2.124000,0.052000,-0.017000,0.100000,0.912018,-0.588399,9.894910,27.45
41.641,376,-2.119000,0.052000,-0.017000,0.100000,0.902212,-0.568786,9.875297,27.44
41.692,377,-2.114000,0.052000,-0.017000,0.100000,0.892405,-0.558979,9.865490,27.43
41.757,378,-2.108000,0.052000,-0.017000,0.100000,0.882598,-0.539366,9.845877,27.42
41.810,379,-2.102000,0.052000,-0.017000,0.100000,0.862985,-0.519752,9.826263,27.41
41.861,380,-2.097000,0.052000,-0.017000,0.100000,0.853179,-0.500139,9.816457,27.41
41.921,381,-2.091000,0.052000,-0.017000,0.100000,0.843372,-0.480526,9.796843,27.40
41.974,382,-2.086000,0.052000,-0.017000,0.100000,0.823759,-0.460913,9.777230,27.39
42.035,383,-2.079000,0.052000,-0.017000,0.100000,0.813952,-0.441299,9.767423,27.38
42.090,384,-2.074000,0.052000,-0.017000,0.100000,0.794339,-0.421686,9.747810,27.37
42.211,386,-2.062000,0.052000,-0.017000,0.100000,0.755112,-0.372653,9.708583,27.35
42.265,387,-2.057000,0.052000,-0.017000,0.100000,0.745305,-0.353039,9.698777,27.35
42.339,388,-2.049000,0.052000,-0.017000,0.100000,0.715885,-0.333426,9.679164,27.34
42.392,389,-2.044000,0.052000,-0.017000,0.100000,0.696272,-0.313813,9.659550,27.33
42.450,390,-2.038000,0.052000,-0.017000,0.100000,0.676659,-0.294199,9.649744,27.32
42.503,391,-2.033000,0.051000,-0.017000,0.100000,0.657046,-0.264780,9.630130,27.31
42.556,392,-2.027000,0.051000,-0.017000,0.100000,0.637432,-0.245166,9.610517,27.31
42.617,393,-2.021000,0.051000,-0.017000,0.100000,0.617819,-0.225553,9.600710,27.30
42.671,394,-2.016000,0.051000,-0.017000,0.100000,0.598206,-0.205940,9.581097,27.29
42.727,395,-2.010000,0.051000,-0.017000,0.100000,0.578592,-0.186326,9.571290,27.29
42.785,396,-2.004000,0.050000,-0.017000,0.100000,0.549172,-0.156906,9.551677,27.28
42.842,397,-1.999000,0.050000,-0.017000,0.100000,0.529559,-0.137293,9.541870,27.27
42.895,398,-1.994000,0.050000,-0.017000,0.100000,0.509946,-0.117680,9.532064,27.26
43.004,399,-1.983000,0.049000,-0.017000,0.100000,0.460913,-0.078453,9.502644,27.25
43.056,400,-1.977000,0.049000,-0.017000,0.100000,0.441299,-0.058840,9.492837,27.24
43.193,402,-1.964000,0.048000,-0.017000,0.100000,0.372653,0.000000,9.463417,27.23
43.247,403,-1.958000,0.048000,-0.017000,0.100000,0.353039,0.019613,9.453611,27.22
43.305,404,-1.953000,0.048000,-0.017000,0.100000,0.323619,0.039227,9.433997,27.22
43.358,405,-1.947000,0.047000,-0.017000,0.100000,0.304006,0.058840,9.424191,27.21
43.411,406,-1.942000,0.047000,-0.017000,0.100000,0.274586,0.088260,9.414384,27.20
44.956,412,-1.787000,0.032000,-0.015000,0.100000,-0.460913,0.637432,9.335931,27.07
45.091,414,-1.774000,0.030000,-0.014000,0.100000,-0.519752,0.676659,9.345737,27.06
45.857,417,-1.697000,0.019000,-0.013000,0.100000,-0.794339,0.853179,9.473224,27.02
45.917,418,-1.692000,0.019000,-0.013000,0.100000,-0.804145,0.862985,9.483031,27.02
48.053,423,-1.478000,-0.014000,-0.007000,0.100000,-0.872792,0.912018,10.071430,27.01
48.122,424,-1.471000,-0.015000,-0.006000,0.100000,-0.862985,0.902212,10.081236,27.01
48.183,425,-1.465000,-0.016000,-0.006000,0.100000,-0.843372,0.892405,10.100849,27.02
48.238,426,-1.459000,-0.017000,-0.006000,0.100000,-0.833565,0.882598,10.110656,27.02
48.290,427,-1.454000,-0.018000,-0.006000,0.100000,-0.813952,0.872792,10.120463,27.02
48.365,428,-1.446000,-0.019000,-0.006000,0.100000,-0.794339,0.862985,10.140076,27.02
48.419,429,-1.441000,-0.020000,-0.005000,0.100000,-0.784532,0.853179,10.149883,27.03
48.533,430,-1.431000,-0.021000,-0.005000,0.100000,-0.755112,0.833565,10.169496,27.03
48.590,431,-1.424000,-0.022000,-0.005000,0.100000,-0.725692,0.813952,10.189109,27.03
49.903,434,-1.293000,-0.039000,0.000000,0.100000,-0.176520,0.431493,10.296983,27.12
49.993,435,-1.284000,-0.040000,0.000000,0.100000,-0.137293,0.402073,10.287176,27.12
50.045,436,-1.279000,-0.040000,0.000000,0.100000,-0.107873,0.382459,10.287176,27.13
50.100,437,-1.273000,-0.041000,0.000000,0.100000,-0.078453,0.362846,10.287176,27.13
51.204,440,-1.163000,-0.049000,0.004000,0.100000,0.441299,-0.058840,10.120463,27.25
51.816,442,-1.101000,-0.052000,0.006000,0.100000,0.686466,-0.294199,9.963556,27.32
51.976,444,-1.085000,-0.052000,0.007000,0.100000,0.745305,-0.353039,9.914523,27.35
52.028,445,-1.080000,-0.052000,0.007000,0.100000,0.755112,-0.372653,9.904716,27.35
52.100,446,-1.073000,-0.052000,0.007000,0.100000,0.774725,-0.402073,9.885103,27.36
52.152,447,-1.068000,-0.052000,0.007000,0.100000,0.794339,-0.421686,9.865490,27.37
52.216,448,-1.061000,-0.052000,0.008000,0.100000,0.813952,-0.441299,9.845877,27.38
52.267,449,-1.056000,-0.052000,0.008000,0.100000,0.823759,-0.460913,9.836070,27.39
52.347,450,-1.048000,-0.052000,0.008000,0.100000,0.843372,-0.490333,9.806650,27.40
52.400,451,-1.043000,-0.052000,0.008000,0.100000,0.862985,-0.500139,9.796843,27.41
52.451,452,-1.038000,-0.052000,0.008000,0.100000,0.872792,-0.519752,9.777230,27.42
52.525,453,-1.031000,-0.052000,0.009000,0.100000,0.882598,-0.549172,9.757617,27.43
52.576,454,-1.025000,-0.052000,0.009000,0.100000,0.902212,-0.558979,9.738003,27.44
52.724,456,-1.011000,-0.052000,0.009000,0.100000,0.921825,-0.608012,9.698777,27.46
53.708,460,-0.913000,-0.048000,0.012000,0.100000,0.970858,-0.853179,9.453611,27.63
53.763,461,-0.907000,-0.048000,0.012000,0.100000,0.961052,-0.862985,9.443804,27.64
53.814,462,-0.902000,-0.047000,0.012000,0.100000,0.961052,-0.872792,9.433997,27.65
53.874,463,-0.896000,-0.047000,0.012000,0.100000,0.951245,-0.882598,9.424191,27.66
53.925,464,-0.890000,-0.047000,0.012000,0.100000,0.951245,-0.892405,9.414384,27.67
54.540,466,-0.829000,-0.042000,0.014000,0.100000,0.823759,-0.961052,9.335931,27.79
54.601,467,-0.823000,-0.041000,0.014000,0.100000,0.813952,-0.970858,9.326124,27.80
54.653,468,-0.818000,-0.040000,0.014000,0.100000,0.794339,-0.970858,9.326124,27.81
54.706,469,-0.812000,-0.040000,0.014000,0.100000,0.784532,-0.970858,9.326124,27.82
55.407,471,-0.742000,-0.032000,0.015000,0.100000,0.529559,-0.970858,9.335931,27.97
55.466,472,-0.736000,-0.031000,0.016000,0.100000,0.500139,-0.961052,9.335931,27.99
55.524,473,-0.731000,-0.031000,0.016000,0.100000,0.480526,-0.961052,9.345737,28.00
55.575,474,-0.725000,-0.030000,0.016000,0.100000,0.460913,-0.951245,9.345737,28.01
56.387,478,-0.645000,-0.019000,0.017000,0.100000,0.078453,-0.833565,9.483031,28.20
56.496,479,-0.633000,-0.017000,0.017000,0.100000,0.029420,-0.804145,9.502644,28.22
56.549,480,-0.628000,-0.016000,0.017000,0.100000,0.000000,-0.794339,9.522257,28.24
56.601,481,-0.623000,-0.015000,0.017000,0.100000,-0.029420,-0.784532,9.532064,28.25
56.662,482,-0.617000,-0.014000,0.017000,0.100000,-0.058840,-0.764919,9.541870,28.26
56.724,483,-0.611000,-0.014000,0.017000,0.100000,-0.088260,-0.755112,9.561484,28.28
56.796,484,-0.604000,-0.013000,0.017000,0.100000,-0.117680,-0.735499,9.581097,28.30
56.850,485,-0.598000,-0.012000,0.017000,0.100000,-0.147100,-0.715885,9.590904,28.31
56.936,486,-0.589000,-0.010000,0.017000,0.100000,-0.186326,-0.696272,9.620324,28.33
56.992,487,-0.584000,-0.009000,0.017000,0.100000,-0.215746,-0.676659,9.630130,28.35
57.052,488,-0.578000,-0.009000,0.017000,0.100000,-0.245166,-0.666852,9.649744,28.36
57.114,489,-0.572000,-0.008000,0.017000,0.100000,-0.274586,-0.647239,9.669357,28.38
57.169,490,-0.566000,-0.007000,0.017000,0.100000,-0.294199,-0.627626,9.679164,28.39
58.091,493,-0.474000,0.008000,0.017000,0.100000,-0.686466,-0.313813,9.953750,28.63
58.144,494,-0.469000,0.009000,0.017000,0.100000,-0.706079,-0.294199,9.963556,28.65
58.196,495,-0.463000,0.009000,0.017000,0.100000,-0.715885,-0.274586,9.983170,28.66
58.253,496,-0.458000,0.010000,0.017000,0.100000,-0.735499,-0.254973,9.992976,28.67
58.372,497,-0.452000,0.011000,0.017000,0.100000,-0.755112,-0.235360,10.012590,28.69
58.423,498,-0.441000,0.013000,0.017000,0.100000,-0.794339,-0.186326,10.042010,28.72
58.481,499,-0.435000,0.014000,0.017000,0.100000,-0.804145,-0.166713,10.051816,28.73
58.537,500,-0.429000,0.015000,0.017000,0.100000,-0.823759,-0.147100,10.071430,28.75
58.594,501,-0.424000,0.015000,0.017000,0.100000,-0.833565,-0.117680,10.081236,28.77
58.653,502,-0.418000,0.016000,0.017000,0.100000,-0.853179,-0.098067,10.100849,28.78
58.705,503,-0.413000,0.017000,0.017000,0.100000,-0.862985,-0.078453,10.110656,28.80
58.757,504,-0.407000,0.018000,0.017000,0.100000,-0.872792,-0.058840,10.120463,28.81
58.936,506,-0.391000,0.020000,0.017000,0.100000,-0.912018,0.009807,10.159689,28.86
58.993,507,-0.384000,0.021000,0.017000,0.100000,-0.921825,0.039227,10.169496,28.88
59.050,508,-0.378000,0.022000,0.017000,0.100000,-0.931632,0.058840,10.179303,28.89
59.103,509,-0.373000,0.023000,0.017000,0.100000,-0.941438,0.078453,10.189109,28.91
59.158,510,-0.367000,0.024000,0.017000,0.100000,-0.941438,0.098067,10.198916,28.92
59.216,511,-0.362000,0.024000,0.017000,0.100000,-0.951245,0.117680,10.208723,28.94
59.954,514,-0.288000,0.034000,0.016000,0.100000,-0.970858,0.402073,10.287176,29.15
60.020,515,-0.282000,0.035000,0.016000,0.100000,-0.970858,0.421686,10.296983,29.17
60.072,516,-0.276000,0.035000,0.016000,0.100000,-0.961052,0.441299,10.296983,29.18
60.125,517,-0.270000,0.036000,0.016000,0.100000,-0.961052,0.460913,10.296983,29.20
60.190,518,-0.265000,0.037000,0.016000,0.100000,-0.951245,0.480526,10.296983,29.21
60.245,519,-0.259000,0.037000,0.015000,0.100000,-0.941438,0.500139,10.296983,29.23
61.128,523,-0.170000,0.046000,0.014000,0.100000,-0.735499,0.764919,10.228336,29.49
61.181,524,-0.165000,0.046000,0.014000,0.100000,-0.715885,0.774725,10.218529,29.51
61.240,525,-0.159000,0.047000,0.014000,0.100000,-0.696272,0.784532,10.208723,29.52
61.291,526,-0.154000,0.047000,0.013000,0.100000,-0.686466,0.804145,10.198916,29.54
61.354,527,-0.148000,0.047000,0.013000,0.100000,-0.657046,0.813952,10.189109,29.56
61.406,528,-0.142000,0.048000,0.013000,0.100000,-0.637432,0.823759,10.179303,29.57
61.461,529,-0.137000,0.048000,0.013000,0.100000,-0.617819,0.833565,10.169496,29.59
61.512,530,-0.132000,0.048000,0.013000,0.100000,-0.598206,0.843372,10.159689,29.61
61.571,531,-0.126000,0.049000,0.013000,0.100000,-0.578592,0.862985,10.140076,29.62
61.661,532,-0.117000,0.049000,0.013000,0.100000,-0.539366,0.872792,10.120463,29.65
61.716,533,-0.112000,0.049000,0.012000,0.100000,-0.519752,0.882598,10.110656,29.67
61.771,534,-0.106000,0.050000,0.012000,0.100000,-0.500139,0.892405,10.100849,29.68
62.430,536,-0.040000,0.052000,0.011000,0.100000,-0.196133,0.970858,9.924330,29.88
62.486,537,-0.035000,0.052000,0.010000,0.100000,-0.166713,0.970858,9.904716,29.90
62.539,538,-0.029000,0.052000,0.010000,0.100000,-0.137293,0.970858,9.894910,29.91
62.632,539,-0.021000,0.052000,0.010000,0.100000,-0.098067,0.980665,9.865490,29.94
63.500,542,0.067000,0.051000,0.007000,0.100000,0.323619,0.941438,9.610517,30.20
65.936,547,0.311000,0.031000,-0.001000,0.100000,0.980665,0.313813,9.335931,30.92
66.001,548,0.317000,0.030000,-0.001000,0.100000,0.980665,0.294199,9.345737,30.93
66.119,549,0.323000,0.030000,-0.001000,0.100000,0.980665,0.274586,9.345737,30.95
66.241,551,0.341000,0.027000,-0.002000,0.100000,0.970858,0.196133,9.375157,31.00
66.297,552,0.346000,0.027000,-0.002000,0.100000,0.970858,0.176520,9.375157,31.02
66.351,553,0.352000,0.026000,-0.002000,0.100000,0.961052,0.156906,9.384964,31.03
66.417,554,0.359000,0.025000,-0.003000,0.100000,0.961052,0.137293,9.394771,31.05
66.469,555,0.364000,0.024000,-0.003000,0.100000,0.951245,0.107873,9.404577,31.07
66.522,556,0.369000,0.023000,-0.003000,0.100000,0.941438,0.088260,9.414384,31.08
66.677,558,0.385000,0.021000,-0.003000,0.100000,0.921825,0.029420,9.443804,31.13
66.732,559,0.390000,0.020000,-0.004000,0.100000,0.912018,0.009807,9.453611,31.14
66.815,560,0.399000,0.019000,-0.004000,0.100000,0.892405,-0.019613,9.473224,31.16
66.867,561,0.404000,0.018000,-0.004000,0.100000,0.882598,-0.039227,9.483031,31.18
66.938,562,0.411000,0.017000,-0.004000,0.100000,0.872792,-0.068647,9.502644,31.20
66.991,563,0.416000,0.017000,-0.005000,0.100000,0.853179,-0.088260,9.512450,31.21
67.044,564,0.421000,0.016000,-0.005000,0.100000,0.843372,-0.107873,9.522257,31.23
67.129,565,0.430000,0.015000,-0.005000,0.100000,0.823759,-0.147100,9.541870,31.25
67.184,566,0.435000,0.014000,-0.005000,0.100000,0.804145,-0.166713,9.561484,31.27
67.245,567,0.441000,0.013000,-0.005000,0.100000,0.794339,-0.186326,9.571290,31.28
67.297,568,0.447000,0.012000,-0.006000,0.100000,0.774725,-0.205940,9.590904,31.30
67.351,569,0.452000,0.011000,-0.006000,0.100000,0.755112,-0.235360,9.600710,31.31
67.418,570,0.459000,0.010000,-0.006000,0.100000,0.735499,-0.254973,9.620324,31.33
67.471,571,0.464000,0.009000,-0.006000,0.100000,0.715885,-0.274586,9.639937,31.34
67.523,572,0.469000,0.008000,-0.006000,0.100000,0.696272,-0.294199,9.649744,31.36
67.599,573,0.477000,0.007000,-0.007000,0.100000,0.676659,-0.323619,9.669357,31.38
67.653,574,0.482000,0.007000,-0.007000,0.100000,0.657046,-0.343233,9.688970,31.39
67.735,575,0.491000,0.005000,-0.007000,0.100000,0.627626,-0.372653,9.708583,31.41
67.791,576,0.496000,0.004000,-0.007000,0.100000,0.598206,-0.392266,9.728197,31.43
67.854,577,0.502000,0.003000,-0.007000,0.100000,0.578592,-0.411879,9.747810,31.44
67.908,578,0.508000,0.002000,-0.008000,0.100000,0.558979,-0.431493,9.757617,31.46
67.959,579,0.513000,0.002000,-0.008000,0.100000,0.539366,-0.451106,9.777230,31.47
68.707,582,0.588000,-0.010000,-0.010000,0.100000,0.196133,-0.686466,9.992976,31.66
68.760,583,0.593000,-0.011000,-0.010000,0.100000,0.176520,-0.706079,10.002783,31.68
68.825,584,0.599000,-0.012000,-0.010000,0.100000,0.137293,-0.725692,10.022396,31.69
68.878,585,0.605000,-0.013000,-0.010000,0.100000,0.117680,-0.735499,10.032203,31.71
68.931,586,0.610000,-0.013000,-0.011000,0.100000,0.088260,-0.745305,10.051816,31.72
68.985,587,0.616000,-0.014000,-0.011000,0.100000,0.058840,-0.764919,10.061623,31.73
69.042,588,0.621000,-0.015000,-0.011000,0.100000,0.039227,-0.774725,10.081236,31.75
69.145,589,0.631000,-0.017000,-0.011000,0.100000,-0.019613,-0.804145,10.100849,31.77
69.196,590,0.637000,-0.017000,-0.011000,0.100000,-0.039227,-0.813952,10.110656,31.78
69.250,591,0.642000,-0.018000,-0.011000,0.100000,-0.068647,-0.823759,10.130269,31.80
69.309,592,0.648000,-0.019000,-0.012000,0.100000,-0.098067,-0.833565,10.140076,31.81
69.363,593,0.653000,-0.020000,-0.012000,0.100000,-0.117680,-0.843372,10.149883,31.82
69.447,594,0.662000,-0.021000,-0.012000,0.100000,-0.166713,-0.862985,10.169496,31.84
69.499,595,0.667000,-0.022000,-0.012000,0.100000,-0.186326,-0.872792,10.179303,31.86
69.551,596,0.672000,-0.023000,-0.012000,0.100000,-0.215746,-0.882598,10.189109,31.87
69.638,597,0.679000,-0.023000,-0.012000,0.100000,-0.245166,-0.892405,10.198916,31.88
69.691,598,0.686000,-0.025000,-0.013000,0.100000,-0.274586,-0.902212,10.208723,31.90
69.752,599,0.692000,-0.025000,-0.013000,0.100000,-0.304006,-0.912018,10.218529,31.91
69.819,600,0.698000,-0.026000,-0.013000,0.100000,-0.333426,-0.921825,10.228336,31.93
69.873,601,0.704000,-0.027000,-0.013000,0.100000,-0.362846,-0.931632,10.238143,31.94
70.000,603,0.717000,-0.029000,-0.013000,0.100000,-0.421686,-0.941438,10.257756,31.97
70.052,604,0.722000,-0.029000,-0.013000,0.100000,-0.441299,-0.951245,10.257756,31.98
70.118,605,0.729000,-0.030000,-0.014000,0.100000,-0.470719,-0.951245,10.267563,32.00
70.169,606,0.734000,-0.031000,-0.014000,0.100000,-0.490333,-0.961052,10.277369,32.01
70.220,607,0.739000,-0.032000,-0.014000,0.100000,-0.519752,-0.961052,10.277369,32.02
70.939,609,0.811000,-0.040000,-0.015000,0.100000,-0.774725,-0.970858,10.287176,32.17
70.991,610,0.816000,-0.040000,-0.015000,0.100000,-0.794339,-0.970858,10.287176,32.19
71.048,611,0.822000,-0.041000,-0.015000,0.100000,-0.804145,-0.970858,10.287176,32.20
71.102,612,0.827000,-0.041000,-0.015000,0.100000,-0.823759,-0.970858,10.277369,32.21
71.169,613,0.834000,-0.042000,-0.016000,0.100000,-0.843372,-0.961052,10.277369,32.22
71.934,616,0.910000,-0.048000,-0.017000,0.100000,-0.970858,-0.862985,10.169496,32.37
71.988,617,0.916000,-0.048000,-0.017000,0.100000,-0.970858,-0.853179,10.149883,32.38
72.042,618,0.921000,-0.049000,-0.017000,0.100000,-0.970858,-0.843372,10.140076,32.39
72.121,619,0.929000,-0.049000,-0.017000,0.100000,-0.980665,-0.823759,10.130269,32.40
72.174,620,0.934000,-0.049000,-0.017000,0.100000,-0.980665,-0.813952,10.110656,32.41
72.254,621,0.942000,-0.050000,-0.017000,0.100000,-0.980665,-0.794339,10.091043,32.43
72.308,622,0.948000,-0.050000,-0.017000,0.100000,-0.980665,-0.784532,10.081236,32.44
73.581,625,1.075000,-0.052000,-0.017000,0.100000,-0.774725,-0.392266,9.728197,32.64
73.634,626,1.080000,-0.052000,-0.017000,0.100000,-0.755112,-0.372653,9.708583,32.65
74.408,629,1.157000,-0.050000,-0.017000,0.100000,-0.470719,-0.078453,9.502644,32.75
74.462,630,1.163000,-0.049000,-0.017000,0.100000,-0.441299,-0.058840,9.492837,32.75
74.515,631,1.168000,-0.049000,-0.017000,0.100000,-0.421686,-0.039227,9.483031,32.76
74.584,632,1.174000,-0.049000,-0.017000,0.100000,-0.392266,-0.019613,9.463417,32.77
74.642,633,1.181000,-0.048000,-0.017000,0.100000,-0.362846,0.009807,9.453611,32.78
74.698,634,1.187000,-0.048000,-0.017000,0.100000,-0.333426,0.029420,9.443804,32.78
74.752,635,1.192000,-0.047000,-0.017000,0.100000,-0.313813,0.058840,9.433997,32.79
74.803,636,1.197000,-0.047000,-0.017000,0.100000,-0.284393,0.078453,9.424191,32.79
74.922,638,1.209000,-0.046000,-0.017000,0.100000,-0.225553,0.117680,9.404577,32.81
74.978,639,1.215000,-0.046000,-0.017000,0.100000,-0.205940,0.147100,9.394771,32.81
75.040,640,1.221000,-0.045000,-0.017000,0.100000,-0.176520,0.166713,9.384964,32.82
75.092,641,1.226000,-0.045000,-0.017000,0.100000,-0.147100,0.186326,9.375157,32.82
75.183,642,1.235000,-0.044000,-0.017000,0.100000,-0.107873,0.225553,9.365351,32.83
75.236,643,1.241000,-0.044000,-0.016000,0.100000,-0.078453,0.245166,9.355544,32.84
75.329,644,1.250000,-0.043000,-0.016000,0.100000,-0.029420,0.274586,9.345737,32.85
75.385,645,1.256000,-0.042000,-0.016000,0.100000,-0.009807,0.294199,9.345737,32.85
75.445,646,1.261000,-0.042000,-0.016000,0.100000,0.019613,0.323619,9.335931,32.86
75.498,647,1.267000,-0.041000,-0.016000,0.100000,0.049033,0.343233,9.335931,32.86
76.235,650,1.340000,-0.033000,-0.015000,0.100000,0.402073,0.588399,9.326124,32.92
76.294,651,1.346000,-0.033000,-0.015000,0.100000,0.421686,0.608012,9.326124,32.92
76.354,652,1.352000,-0.032000,-0.015000,0.100000,0.451106,0.627626,9.335931,32.93
76.406,653,1.358000,-0.031000,-0.015000,0.100000,0.470719,0.647239,9.335931,32.93
76.584,655,1.375000,-0.029000,-0.014000,0.100000,0.549172,0.696272,9.355544,32.94
76.636,656,1.381000,-0.028000,-0.014000,0.100000,0.568786,0.706079,9.365351,32.95
76.697,657,1.387000,-0.027000,-0.014000,0.100000,0.598206,0.725692,9.365351,32.95
76.748,658,1.392000,-0.027000,-0.014000,0.100000,0.617819,0.735499,9.375157,32.95
76.799,659,1.397000,-0.026000,-0.014000,0.100000,0.637432,0.755112,9.384964,32.95
76.876,660,1.404000,-0.025000,-0.014000,0.100000,0.657046,0.774725,9.394771,32.96
76.927,661,1.410000,-0.024000,-0.014000,0.100000,0.676659,0.784532,9.404577,32.96
76.978,662,1.415000,-0.024000,-0.013000,0.100000,0.696272,0.794339,9.414384,32.96
77.056,663,1.423000,-0.023000,-0.013000,0.100000,0.725692,0.813952,9.424191,32.97
77.113,664,1.428000,-0.022000,-0.013000,0.100000,0.745305,0.823759,9.433997,32.97
77.167,665,1.434000,-0.021000,-0.013000,0.100000,0.755112,0.833565,9.443804,32.97
77.226,666,1.440000,-0.020000,-0.013000,0.100000,0.774725,0.853179,9.463417,32.97
77.282,667,1.445000,-0.019000,-0.013000,0.100000,0.794339,0.862985,9.473224,32.98
77.335,668,1.451000,-0.018000,-0.013000,0.100000,0.804145,0.872792,9.483031,32.98
77.388,669,1.456000,-0.018000,-0.013000,0.100000,0.823759,0.882598,9.492837,32.98
77.442,670,1.461000,-0.017000,-0.012000,0.100000,0.833565,0.892405,9.502644,32.98
77.540,671,1.468000,-0.016000,-0.012000,0.100000,0.853179,0.902212,9.522257,32.98
77.598,672,1.477000,-0.015000,-0.012000,0.100000,0.872792,0.912018,9.541870,32.99
77.651,673,1.482000,-0.014000,-0.012000,0.100000,0.882598,0.921825,9.561484,32.99
77.723,674,1.489000,-0.013000,-0.012000,0.100000,0.902212,0.931632,9.571290,32.99
77.775,675,1.494000,-0.012000,-0.012000,0.100000,0.912018,0.931632,9.590904,32.99
77.830,676,1.500000,-0.011000,-0.011000,0.100000,0.921825,0.941438,9.600710,32.99
78.560,678,1.573000,0.000000,-0.009000,0.100000,0.980665,0.980665,9.816457,33.00
78.617,679,1.579000,0.001000,-0.009000,0.100000,0.980665,0.980665,9.826263,33.00
80.178,683,1.734000,0.025000,-0.004000,0.100000,0.666852,0.774725,10.218529,32.96
80.237,684,1.741000,0.026000,-0.004000,0.100000,0.647239,0.764919,10.228336,32.96
80.290,685,1.746000,0.026000,-0.004000,0.100000,0.627626,0.745305,10.228336,32.95
80.349,686,1.751000,0.027000,-0.004000,0.100000,0.608012,0.735499,10.238143,32.95
80.511,688,1.768000,0.029000,-0.003000,0.100000,0.539366,0.686466,10.257756,32.94
81.184,690,1.835000,0.037000,-0.001000,0.100000,0.245166,0.480526,10.296983,32.90
81.251,691,1.842000,0.038000,0.000000,0.100000,0.205940,0.460913,10.296983,32.89
81.304,692,1.847000,0.039000,0.000000,0.100000,0.186326,0.441299,10.296983,32.89
81.359,693,1.853000,0.039000,0.000000,0.100000,0.156906,0.421686,10.296983,32.88
81.416,694,1.859000,0.040000,0.000000,0.100000,0.127486,0.402073,10.287176,32.88
81.469,695,1.864000,0.040000,0.000000,0.100000,0.098067,0.382459,10.287176,32.87
81.520,696,1.869000,0.041000,0.000000,0.100000,0.078453,0.362846,10.287176,32.87
81.574,697,1.874000,0.041000,0.001000,0.100000,0.049033,0.343233,10.277369,32.86
81.627,698,1.880000,0.042000,0.001000,0.100000,0.029420,0.323619,10.277369,32.86
81.710,699,1.888000,0.043000,0.001000,0.100000,-0.019613,0.294199,10.267563,32.85
81.763,700,1.893000,0.043000,0.001000,0.100000,-0.039227,0.274586,10.267563,32.85
81.818,701,1.899000,0.044000,0.001000,0.100000,-0.068647,0.254973,10.257756,32.84
83.189,705,2.036000,0.052000,0.006000,0.100000,-0.676659,-0.284393,9.973363,32.68
83.922,707,2.109000,0.052000,0.008000,0.100000,-0.882598,-0.539366,9.767423,32.58
83.978,708,2.114000,0.052000,0.009000,0.100000,-0.892405,-0.558979,9.747810,32.57
85.808,712,2.298000,0.043000,0.013000,0.100000,-0.862985,-0.951245,9.345737,32.24
85.949,714,2.312000,0.042000,0.014000,0.100000,-0.833565,-0.961052,9.335931,32.21
86.003,715,2.317000,0.041000,0.014000,0.100000,-0.813952,-0.970858,9.326124,32.20
86.117,717,2.329000,0.040000,0.014000,0.100000,-0.784532,-0.970858,9.326124,32.18
86.204,718,2.334000,0.039000,0.014000,0.100000,-0.764919,-0.980665,9.316317,32.17
86.257,719,2.343000,0.039000,0.014000,0.100000,-0.735499,-0.980665,9.316317,32.15
86.308,720,2.348000,0.038000,0.015000,0.100000,-0.725692,-0.980665,9.316317,32.14
86.371,721,2.354000,0.037000,0.015000,0.100000,-0.696272,-0.980665,9.316317,32.13
86.425,722,2.359000,0.037000,0.015000,0.100000,-0.686466,-0.980665,9.316317,32.11
86.478,723,2.365000,0.036000,0.015000,0.100000,-0.666852,-0.980665,9.316317,32.10
86.531,724,2.370000,0.035000,0.015000,0.100000,-0.647239,-0.980665,9.316317,32.09
86.584,725,2.375000,0.035000,0.015000,0.100000,-0.627626,-0.980665,9.316317,32.08
87.210,727,2.438000,0.027000,0.016000,0.100000,-0.362846,-0.931632,9.375157,31.94
87.268,728,2.444000,0.026000,0.016000,0.100000,-0.333426,-0.921825,9.384964,31.93
87.324,729,2.449000,0.025000,0.016000,0.100000,-0.304006,-0.912018,9.394771,31.91
87.442,731,2.461000,0.024000,0.016000,0.100000,-0.254973,-0.892405,9.414384,31.89
87.500,732,2.467000,0.023000,0.016000,0.100000,-0.225553,-0.882598,9.424191,31.87
87.561,733,2.473000,0.022000,0.016000,0.100000,-0.196133,-0.872792,9.433997,31.86
87.615,734,2.479000,0.021000,0.017000,0.100000,-0.166713,-0.862985,9.443804,31.85
87.669,735,2.484000,0.021000,0.017000,0.100000,-0.147100,-0.853179,9.453611,31.83
87.820,737,2.499000,0.018000,0.017000,0.100000,-0.068647,-0.823759,9.483031,31.80
87.894,738,2.506000,0.017000,0.017000,0.100000,-0.039227,-0.813952,9.502644,31.78
87.947,739,2.512000,0.016000,0.017000,0.100000,-0.009807,-0.794339,9.512450,31.77
87.998,740,2.517000,0.016000,0.017000,0.100000,0.019613,-0.784532,9.522257,31.75
88.627,742,2.580000,0.006000,0.017000,0.100000,0.323619,-0.617819,9.698777,31.60
88.692,743,2.586000,0.005000,0.017000,0.100000,0.353039,-0.598206,9.718390,31.58
88.745,744,2.592000,0.004000,0.017000,0.100000,0.372653,-0.578592,9.728197,31.57
88.797,745,2.597000,0.003000,0.017000,0.100000,0.402073,-0.558979,9.747810,31.55
88.857,746,2.603000,0.002000,0.017000,0.100000,0.421686,-0.539366,9.757617,31.54
88.909,747,2.608000,0.002000,0.017000,0.100000,0.451106,-0.519752,9.777230,31.53
88.968,748,2.613000,0.001000,0.017000,0.100000,0.470719,-0.509946,9.796843,31.51
89.106,750,2.628000,-0.002000,0.017000,0.100000,0.529559,-0.460913,9.836070,31.48
90.542,753,2.771000,-0.023000,0.017000,0.100000,0.941438,0.088260,10.198916,31.09
90.594,754,2.776000,-0.024000,0.017000,0.100000,0.951245,0.107873,10.208723,31.07
90.993,757,2.816000,-0.029000,0.016000,0.100000,0.980665,0.264780,10.257756,30.96
91.616,759,2.879000,-0.037000,0.016000,0.100000,0.951245,0.490333,10.296983,30.78
91.676,760,2.884000,-0.038000,0.015000,0.100000,0.941438,0.509946,10.296983,30.76
91.728,761,2.890000,-0.038000,0.015000,0.100000,0.931632,0.519752,10.296983,30.75
91.798,762,2.897000,-0.039000,0.015000,0.100000,0.921825,0.549172,10.296983,30.73
91.852,763,2.902000,-0.039000,0.015000,0.100000,0.912018,0.568786,10.296983,30.71
91.904,764,2.907000,-0.040000,0.015000,0.100000,0.902212,0.578592,10.287176,30.70
91.962,765,2.913000,-0.041000,0.015000,0.100000,0.892405,0.598206,10.287176,30.68
92.020,766,2.919000,-0.041000,0.015000,0.100000,0.882598,0.617819,10.287176,30.66
92.072,767,2.924000,-0.042000,0.015000,0.100000,0.872792,0.637432,10.277369,30.65
92.128,768,2.930000,-0.042000,0.015000,0.100000,0.853179,0.647239,10.277369,30.63
92.182,769,2.935000,-0.043000,0.015000,0.100000,0.843372,0.666852,10.267563,30.61
92.239,770,2.941000,-0.043000,0.014000,0.100000,0.823759,0.676659,10.267563,30.60
92.348,772,2.952000,-0.044000,0.014000,0.100000,0.794339,0.715885,10.247949,30.57
92.418,773,2.958000,-0.045000,0.014000,0.100000,0.784532,0.725692,10.247949,30.55
92.471,774,2.964000,-0.045000,0.014000,0.100000,0.764919,0.745305,10.238143,30.53
92.522,775,2.969000,-0.046000,0.014000,0.100000,0.745305,0.755112,10.228336,30.51
92.661,777,2.983000,-0.047000,0.014000,0.100000,0.696272,0.794339,10.208723,30.47
92.772,779,2.994000,-0.047000,0.013000,0.100000,0.657046,0.813952,10.189109,30.44
92.831,780,3.000000,-0.048000,0.013000,0.100000,0.637432,0.823759,10.179303,30.42
92.885,781,3.005000,-0.048000,0.013000,0.100000,0.617819,0.843372,10.159689,30.41
92.936,782,3.011000,-0.048000,0.013000,0.100000,0.598206,0.853179,10.149883,30.39
92.988,783,3.016000,-0.049000,0.013000,0.100000,0.578592,0.862985,10.140076,30.38
93.039,784,3.021000,-0.049000,0.013000,0.100000,0.558979,0.872792,10.130269,30.36
93.248,786,3.041000,-0.050000,0.012000,0.100000,0.470719,0.902212,10.081236,30.30
94.507,790,-3.116000,-0.052000,0.009000,0.100000,-0.127486,0.970858,9.728197,29.92
94.569,791,-3.109000,-0.052000,0.008000,0.100000,-0.156906,0.970858,9.708583,29.90
94.621,792,-3.104000,-0.052000,0.008000,0.100000,-0.186326,0.970858,9.698777,29.89
94.686,793,-3.098000,-0.052000,0.008000,0.100000,-0.215746,0.961052,9.679164,29.87
95.368,795,-3.030000,-0.049000,0.006000,0.100000,-0.519752,0.882598,9.502644,29.67
95.419,796,-3.024000,-0.049000,0.006000,0.100000,-0.539366,0.872792,9.492837,29.65
95.474,797,-3.019000,-0.049000,0.006000,0.100000,-0.568786,0.862985,9.473224,29.63
95.528,798,-3.013000,-0.049000,0.005000,0.100000,-0.588399,0.853179,9.463417,29.62
95.580,799,-3.008000,-0.048000,0.005000,0.100000,-0.608012,0.843372,9.453611,29.60
95.638,800,-3.002000,-0.048000,0.005000,0.100000,-0.627626,0.833565,9.443804,29.58
95.696,801,-2.997000,-0.047000,0.005000,0.100000,-0.647239,0.823759,9.433997,29.57
95.749,802,-2.991000,-0.047000,0.005000,0.100000,-0.666852,0.804145,9.424191,29.55
96.368,804,-2.929000,-0.042000,0.003000,0.100000,-0.853179,0.647239,9.335931,29.37
97.191,807,-2.847000,-0.033000,0.000000,0.100000,-0.980665,0.372653,9.326124,29.13
98.595,811,-2.707000,-0.014000,-0.005000,0.100000,-0.804145,-0.166713,9.561484,28.74
98.653,812,-2.701000,-0.013000,-0.005000,0.100000,-0.794339,-0.186326,9.571290,28.72
98.711,813,-2.695000,-0.012000,-0.006000,0.100000,-0.774725,-0.205940,9.590904,28.71
98.763,814,-2.690000,-0.011000,-0.006000,0.100000,-0.755112,-0.225553,9.600710,28.69
98.818,815,-2.684000,-0.010000,-0.006000,0.100000,-0.735499,-0.254973,9.620324,28.68
98.871,816,-2.679000,-0.010000,-0.006000,0.100000,-0.725692,-0.274586,9.630130,28.66
98.940,817,-2.674000,-0.009000,-0.006000,0.100000,-0.706079,-0.294199,9.649744,28.65
98.992,818,-2.667000,-0.008000,-0.006000,0.100000,-0.676659,-0.313813,9.669357,28.63
99.044,819,-2.662000,-0.007000,-0.007000,0.100000,-0.666852,-0.333426,9.679164,28.62
99.813,822,-2.585000,0.005000,-0.009000,0.100000,-0.343233,-0.598206,9.904716,28.41
99.866,823,-2.580000,0.006000,-0.009000,0.100000,-0.323619,-0.617819,9.914523,28.40
99.948,824,-2.571000,0.007000,-0.009000,0.100000,-0.284393,-0.637432,9.943943,28.38
100.004,825,-2.566000,0.008000,-0.010000,0.100000,-0.254973,-0.657046,9.953750,28.37
100.061,826,-2.560000,0.009000,-0.010000,0.100000,-0.225553,-0.676659,9.973363,28.35
100.876,829,-2.479000,0.021000,-0.012000,0.100000,0.166713,-0.862985,10.169496,28.15
100.954,830,-2.471000,0.022000,-0.012000,0.100000,0.205940,-0.882598,10.189109,28.14
101.009,831,-2.465000,0.023000,-0.012000,0.100000,0.235360,-0.892405,10.198916,28.12
101.062,832,-2.460000,0.024000,-0.012000,0.100000,0.254973,-0.892405,10.208723,28.11
101.123,833,-2.454000,0.025000,-0.013000,0.100000,0.284393,-0.902212,10.218529,28.10
101.175,834,-2.449000,0.025000,-0.013000,0.100000,0.313813,-0.912018,10.228336,28.08
101.285,836,-2.438000,0.027000,-0.013000,0.100000,0.362846,-0.931632,10.238143,28.06
101.419,838,-2.424000,0.029000,-0.013000,0.100000,0.421686,-0.941438,10.257756,28.03
101.476,839,-2.419000,0.029000,-0.013000,0.100000,0.441299,-0.951245,10.257756,28.02
101.582,841,-2.408000,0.031000,-0.014000,0.100000,0.490333,-0.961052,10.277369,27.99
101.711,843,-2.395000,0.032000,-0.014000,0.100000,0.549172,-0.970858,10.287176,27.96
101.762,844,-2.390000,0.033000,-0.014000,0.100000,0.568786,-0.970858,10.287176,27.95
101.852,845,-2.381000,0.034000,-0.014000,0.100000,0.598206,-0.980665,10.287176,27.93
101.905,846,-2.376000,0.035000,-0.014000,0.100000,0.617819,-0.980665,10.296983,27.92
103.732,850,-2.193000,0.050000,-0.017000,0.100000,0.980665,-0.774725,10.081236,27.56
103.785,851,-2.188000,0.050000,-0.017000,0.100000,0.980665,-0.764919,10.071430,27.55
103.838,852,-2.182000,0.051000,-0.017000,0.100000,0.980665,-0.755112,10.051816,27.54
103.893,853,-2.177000,0.051000,-0.017000,0.100000,0.970858,-0.735499,10.042010,27.53
103.966,854,-2.170000,0.051000,-0.017000,0.100000,0.970858,-0.715885,10.022396,27.52
104.028,855,-2.164000,0.051000,-0.017000,0.100000,0.961052,-0.706079,10.002783,27.51
104.080,856,-2.158000,0.051000,-0.017000,0.100000,0.961052,-0.686466,9.992976,27.50
104.141,857,-2.152000,0.052000,-0.017000,0.100000,0.951245,-0.666852,9.973363,27.49
104.194,858,-2.147000,0.052000,-0.017000,0.100000,0.951245,-0.657046,9.953750,27.48
104.246,859,-2.142000,0.052000,-0.017000,0.100000,0.941438,-0.637432,9.943943,27.48
104.302,860,-2.136000,0.052000,-0.017000,0.100000,0.931632,-0.627626,9.924330,27.47
104.355,861,-2.131000,0.052000,-0.017000,0.100000,0.921825,-0.608012,9.914523,27.46
104.429,862,-2.123000,0.052000,-0.017000,0.100000,0.912018,-0.588399,9.894910,27.45
104.481,863,-2.118000,0.052000,-0.017000,0.100000,0.902212,-0.568786,9.875297,27.44
104.533,864,-2.113000,0.052000,-0.017000,0.100000,0.892405,-0.549172,9.865490,27.43
104.607,865,-2.107000,0.052000,-0.017000,0.100000,0.882598,-0.529559,9.845877,27.42
104.662,866,-2.100000,0.052000,-0.017000,0.100000,0.862985,-0.509946,9.826263,27.41
104.747,867,-2.091000,0.052000,-0.017000,0.100000,0.843372,-0.480526,9.796843,27.40
104.800,868,-2.086000,0.052000,-0.017000,0.100000,0.823759,-0.460913,9.787037,27.39
104.852,869,-2.081000,0.052000,-0.017000,0.100000,0.813952,-0.441299,9.767423,27.38
104.910,870,-2.076000,0.052000,-0.017000,0.100000,0.804145,-0.421686,9.747810,27.37
104.962,871,-2.070000,0.052000,-0.017000,0.100000,0.784532,-0.402073,9.738003,27.37
105.015,872,-2.065000,0.052000,-0.017000,0.100000,0.764919,-0.382459,9.718390,27.36
105.089,873,-2.057000,0.052000,-0.017000,0.100000,0.745305,-0.362846,9.698777,27.35
105.146,874,-2.051000,0.052000,-0.017000,0.100000,0.725692,-0.333426,9.679164,27.34
105.282,876,-2.038000,0.052000,-0.017000,0.100000,0.676659,-0.284393,9.639937,27.32
105.335,877,-2.033000,0.051000,-0.017000,0.100000,0.657046,-0.264780,9.630130,27.31
105.387,878,-2.027000,0.051000,-0.017000,0.100000,0.637432,-0.245166,9.610517,27.31
105.439,879,-2.022000,0.051000,-0.017000,0.100000,0.617819,-0.225553,9.600710,27.30
105.492,880,-2.017000,0.051000,-0.017000,0.100000,0.598206,-0.205940,9.590904,27.29
105.543,881,-2.012000,0.051000,-0.017000,0.100000,0.578592,-0.186326,9.571290,27.29
105.595,882,-2.007000,0.051000,-0.017000,0.100000,0.558979,-0.166713,9.561484,27.28
106.298,884,-1.937000,0.047000,-0.017000,0.100000,0.254973,0.107873,9.404577,27.20
106.352,885,-1.931000,0.046000,-0.017000,0.100000,0.225553,0.127486,9.394771,27.19
106.416,886,-1.925000,0.046000,-0.017000,0.100000,0.196133,0.156906,9.384964,27.19
106.468,887,-1.919000,0.045000,-0.017000,0.100000,0.166713,0.176520,9.384964,27.18
106.537,888,-1.914000,0.045000,-0.017000,0.100000,0.137293,0.196133,9.375157,27.17
106.593,889,-1.907000,0.044000,-0.017000,0.100000,0.107873,0.215746,9.365351,27.17
106.644,890,-1.902000,0.044000,-0.016000,0.100000,0.078453,0.235360,9.355544,27.16
106.695,891,-1.897000,0.043000,-0.016000,0.100000,0.058840,0.254973,9.355544,27.16
106.750,892,-1.891000,0.043000,-0.016000,0.100000,0.029420,0.284393,9.345737,27.15
106.803,893,-1.886000,0.042000,-0.016000,0.100000,0.000000,0.304006,9.345737,27.15
106.914,895,-1.875000,0.041000,-0.016000,0.100000,-0.049033,0.343233,9.335931,27.14
106.970,896,-1.869000,0.041000,-0.016000,0.100000,-0.078453,0.362846,9.326124,27.13
107.028,897,-1.864000,0.040000,-0.016000,0.100000,-0.107873,0.382459,9.326124,27.13
107.080,898,-1.858000,0.040000,-0.016000,0.100000,-0.127486,0.402073,9.326124,27.12
107.866,901,-1.780000,0.031000,-0.015000,0.100000,-0.490333,0.657046,9.345737,27.07
107.960,902,-1.770000,0.029000,-0.014000,0.100000,-0.529559,0.686466,9.345737,27.06
108.017,903,-1.764000,0.029000,-0.014000,0.100000,-0.558979,0.696272,9.355544,27.06
108.087,904,-1.758000,0.028000,-0.014000,0.100000,-0.578592,0.715885,9.365351,27.05
108.141,905,-1.752000,0.027000,-0.014000,0.100000,-0.608012,0.735499,9.375157,27.05
108.210,906,-1.746000,0.026000,-0.014000,0.100000,-0.627626,0.745305,9.384964,27.05
108.265,907,-1.740000,0.025000,-0.014000,0.100000,-0.647239,0.764919,9.394771,27.04
108.318,908,-1.734000,0.025000,-0.014000,0.100000,-0.666852,0.774725,9.394771,27.04
108.371,909,-1.729000,0.024000,-0.014000,0.100000,-0.686466,0.794339,9.404577,27.04
108.422,910,-1.724000,0.023000,-0.013000,0.100000,-0.706079,0.804145,9.414384,27.04
108.474,911,-1.719000,0.022000,-0.013000,0.100000,-0.725692,0.813952,9.424191,27.03
108.537,912,-1.712000,0.022000,-0.013000,0.100000,-0.745305,0.823759,9.433997,27.03
108.593,913,-1.707000,0.021000,-0.013000,0.100000,-0.764919,0.843372,9.453611,27.03
108.646,914,-1.702000,0.020000,-0.013000,0.100000,-0.774725,0.853179,9.463417,27.03
109.975,917,-1.569000,0.000000,-0.009000,0.100000,-0.980665,0.980665,9.816457,27.00
110.030,918,-1.563000,-0.001000,-0.009000,0.100000,-0.980665,0.980665,9.826263,27.00
110.246,920,-1.542000,-0.005000,-0.009000,0.100000,-0.970858,0.970858,9.894910,27.00
110.302,921,-1.536000,-0.005000,-0.008000,0.100000,-0.961052,0.970858,9.904716,27.00
111.055,924,-1.461000,-0.017000,-0.006000,0.100000,-0.833565,0.892405,10.110656,27.02
111.109,925,-1.455000,-0.018000,-0.006000,0.100000,-0.823759,0.882598,10.120463,27.02
111.161,926,-1.450000,-0.019000,-0.006000,0.100000,-0.804145,0.872792,10.130269,27.02
111.234,927,-1.443000,-0.020000,-0.005000,0.100000,-0.784532,0.853179,10.149883,27.02
111.288,928,-1.437000,-0.020000,-0.005000,0.100000,-0.774725,0.843372,10.159689,27.03
111.342,929,-1.432000,-0.021000,-0.005000,0.100000,-0.755112,0.833565,10.169496,27.03
111.460,931,-1.420000,-0.023000,-0.005000,0.100000,-0.715885,0.804145,10.189109,27.03
111.515,932,-1.415000,-0.024000,-0.004000,0.100000,-0.696272,0.794339,10.198916,27.04
111.590,933,-1.408000,-0.025000,-0.004000,0.100000,-0.666852,0.774725,10.218529,27.04
111.644,934,-1.402000,-0.025000,-0.004000,0.100000,-0.647239,0.764919,10.218529,27.04
111.696,935,-1.397000,-0.026000,-0.004000,0.100000,-0.627626,0.755112,10.228336,27.05
111.747,936,-1.391000,-0.027000,-0.004000,0.100000,-0.608012,0.735499,10.238143,27.05
111.798,937,-1.386000,-0.028000,-0.003000,0.100000,-0.588399,0.725692,10.247949,27.05
111.897,938,-1.376000,-0.029000,-0.003000,0.100000,-0.549172,0.696272,10.257756,27.06
111.951,939,-1.371000,-0.030000,-0.003000,0.100000,-0.529559,0.686466,10.267563,27.06
112.015,940,-1.365000,-0.030000,-0.003000,0.100000,-0.500139,0.666852,10.267563,27.06
112.067,941,-1.359000,-0.031000,-0.003000,0.100000,-0.480526,0.647239,10.277369,27.07
112.121,942,-1.354000,-0.032000,-0.002000,0.100000,-0.460913,0.637432,10.277369,27.07
112.194,943,-1.347000,-0.033000,-0.002000,0.100000,-0.431493,0.608012,10.287176,27.07
112.252,944,-1.341000,-0.033000,-0.002000,0.100000,-0.402073,0.598206,10.287176,27.08
112.306,945,-1.336000,-0.034000,-0.002000,0.100000,-0.372653,0.578592,10.287176,27.08
112.361,946,-1.330000,-0.035000,-0.002000,0.100000,-0.353039,0.558979,10.296983,27.09
112.415,947,-1.325000,-0.035000,-0.001000,0.100000,-0.323619,0.539366,10.296983,27.09
112.473,948,-1.319000,-0.036000,-0.001000,0.100000,-0.304006,0.529559,10.296983,27.09
112.545,949,-1.312000,-0.037000,-0.001000,0.100000,-0.264780,0.500139,10.296983,27.10
112.598,950,-1.306000,-0.037000,-0.001000,0.100000,-0.245166,0.480526,10.296983,27.10
113.237,952,-1.243000,-0.044000,0.001000,0.100000,0.068647,0.254973,10.257756,27.16
113.299,953,-1.237000,-0.044000,0.002000,0.100000,0.098067,0.225553,10.247949,27.17
113.487,955,-1.217000,-0.046000,0.002000,0.100000,0.186326,0.156906,10.228336,27.19
113.641,957,-1.202000,-0.047000,0.003000,0.100000,0.264780,0.098067,10.198916,27.20
113.709,958,-1.195000,-0.047000,0.003000,0.100000,0.294199,0.068647,10.189109,27.21
113.760,959,-1.190000,-0.048000,0.003000,0.100000,0.323619,0.049033,10.179303,27.21
113.812,960,-1.185000,-0.048000,0.003000,0.100000,0.343233,0.029420,10.169496,27.22
113.893,961,-1.177000,-0.048000,0.004000,0.100000,0.382459,0.000000,10.149883,27.23
114.138,963,-1.153000,-0.050000,0.005000,0.100000,0.490333,-0.098067,10.100849,27.26
114.769,965,-1.089000,-0.052000,0.007000,0.100000,0.725692,-0.343233,9.924330,27.34
115.459,967,-1.020000,-0.052000,0.009000,0.100000,0.912018,-0.578592,9.728197,27.44
115.516,968,-1.015000,-0.052000,0.009000,0.100000,0.921825,-0.598206,9.708583,27.45
116.797,971,-0.887000,-0.046000,0.012000,0.100000,0.941438,-0.902212,9.404577,27.68
116.976,973,-0.869000,-0.045000,0.013000,0.100000,0.912018,-0.931632,9.375157,27.71
117.862,976,-0.780000,-0.036000,0.015000,0.100000,0.676659,-0.980665,9.316317,27.89
118.580,978,-0.709000,-0.028000,0.016000,0.100000,0.382459,-0.931632,9.365351,28.05
118.633,979,-0.703000,-0.027000,0.016000,0.100000,0.353039,-0.931632,9.375157,28.06
118.686,980,-0.698000,-0.026000,0.016000,0.100000,0.333426,-0.921825,9.384964,28.07
118.764,981,-0.691000,-0.025000,0.016000,0.100000,0.304006,-0.912018,9.394771,28.09
118.822,982,-0.684000,-0.024000,0.016000,0.100000,0.274586,-0.902212,9.404577,28.10
118.875,983,-0.679000,-0.023000,0.016000,0.100000,0.245166,-0.892405,9.414384,28.12
118.937,984,-0.672000,-0.023000,0.016000,0.100000,0.215746,-0.882598,9.424191,28.13
118.989,985,-0.667000,-0.022000,0.016000,0.100000,0.186326,-0.872792,9.433997,28.14
119.047,986,-0.661000,-0.021000,0.017000,0.100000,0.166713,-0.862985,9.443804,28.16
119.101,987,-0.656000,-0.020000,0.017000,0.100000,0.137293,-0.853179,9.453611,28.17
119.212,988,-0.646000,-0.019000,0.017000,0.100000,0.088260,-0.833565,9.483031,28.19
119.266,989,-0.640000,-0.018000,0.017000,0.100000,0.058840,-0.823759,9.492837,28.21
119.376,991,-0.629000,-0.016000,0.017000,0.100000,0.000000,-0.794339,9.522257,28.24
120.100,994,-0.556000,-0.005000,0.017000,0.100000,-0.343233,-0.598206,9.708583,28.42
120.159,995,-0.550000,-0.004000,0.017000,0.100000,-0.372653,-0.578592,9.728197,28.43
120.215,996,-0.545000,-0.003000,0.017000,0.100000,-0.392266,-0.558979,9.747810,28.44
120.289,997,-0.537000,-0.002000,0.017000,0.100000,-0.431493,-0.539366,9.767423,28.46
120.345,998,-0.532000,-0.001000,0.017000,0.100000,-0.451106,-0.519752,9.787037,28.48
120.396,999,-0.527000,0.000000,0.017000,0.100000,-0.480526,-0.500139,9.796843,28.49
121.162,1002,-0.450000,0.011000,0.017000,0.100000,-0.764919,-0.225553,10.012590,28.70
121.255,1003,-0.441000,0.013000,0.017000,0.100000,-0.794339,-0.186326,10.042010,28.72
121.308,1004,-0.435000,0.014000,0.017000,0.100000,-0.804145,-0.166713,10.051816,28.73
121.361,1005,-0.430000,0.014000,0.017000,0.100000,-0.823759,-0.147100,10.071430,28.75
121.420,1006,-0.424000,0.015000,0.017000,0.100000,-0.833565,-0.127486,10.081236,28.77
121.476,1007,-0.419000,0.016000,0.017000,0.100000,-0.853179,-0.098067,10.091043,28.78
121.626,1009,-0.404000,0.018000,0.017000,0.100000,-0.882598,-0.039227,10.130269,28.82
121.680,1010,-0.398000,0.019000,0.017000,0.100000,-0.892405,-0.019613,10.140076,28.84
122.464,1013,-0.320000,0.030000,0.016000,0.100000,-0.980665,0.284393,10.267563,29.06
122.532,1014,-0.313000,0.031000,0.016000,0.100000,-0.980665,0.304006,10.277369,29.08
122.585,1015,-0.308000,0.032000,0.016000,0.100000,-0.980665,0.323619,10.277369,29.09
122.639,1016,-0.302000,0.032000,0.016000,0.100000,-0.980665,0.343233,10.287176,29.11
122.716,1017,-0.295000,0.033000,0.016000,0.100000,-0.980665,0.372653,10.287176,29.13
122.770,1018,-0.289000,0.034000,0.016000,0.100000,-0.970858,0.392266,10.287176,29.14
122.824,1019,-0.284000,0.035000,0.016000,0.100000,-0.970858,0.411879,10.296983,29.16
122.914,1020,-0.276000,0.035000,0.016000,0.100000,-0.961052,0.441299,10.296983,29.18
123.044,1022,-0.262000,0.037000,0.016000,0.100000,-0.951245,0.490333,10.296983,29.22
123.109,1023,-0.255000,0.038000,0.015000,0.100000,-0.941438,0.509946,10.296983,29.24
123.183,1024,-0.248000,0.039000,0.015000,0.100000,-0.931632,0.539366,10.296983,29.26
123.238,1025,-0.242000,0.039000,0.015000,0.100000,-0.921825,0.558979,10.296983,29.28
123.294,1026,-0.237000,0.040000,0.015000,0.100000,-0.912018,0.568786,10.287176,29.30
123.362,1027,-0.230000,0.040000,0.015000,0.100000,-0.892405,0.598206,10.287176,29.32
123.413,1028,-0.225000,0.041000,0.015000,0.100000,-0.882598,0.608012,10.287176,29.33
123.466,1029,-0.220000,0.041000,0.015000,0.100000,-0.872792,0.627626,10.277369,29.35
123.550,1030,-0.211000,0.042000,0.015000,0.100000,-0.853179,0.647239,10.277369,29.37
123.611,1031,-0.205000,0.043000,0.015000,0.100000,-0.833565,0.666852,10.267563,29.39
124.424,1034,-0.124000,0.049000,0.013000,0.100000,-0.568786,0.862985,10.140076,29.63
124.475,1035,-0.119000,0.049000,0.013000,0.100000,-0.549172,0.872792,10.130269,29.64
124.533,1036,-0.113000,0.049000,0.012000,0.100000,-0.519752,0.882598,10.110656,29.66
124.584,1037,-0.108000,0.050000,0.012000,0.100000,-0.500139,0.892405,10.100849,29.68
124.646,1038,-0.102000,0.050000,0.012000,0.100000,-0.480526,0.902212,10.091043,29.70
124.701,1039,-0.096000,0.050000,0.012000,0.100000,-0.451106,0.912018,10.071430,29.71
124.753,1040,-0.091000,0.050000,0.012000,0.100000,-0.431493,0.912018,10.061623,29.73
124.825,1041,-0.084000,0.051000,0.012000,0.100000,-0.402073,0.921825,10.042010,29.75
126.063,1044,0.040000,0.052000,0.008000,0.100000,0.196133,0.970858,9.688970,30.12
126.176,1045,0.051000,0.052000,0.008000,0.100000,0.245166,0.961052,9.659550,30.15
126.227,1046,0.057000,0.052000,0.008000,0.100000,0.274586,0.951245,9.639937,30.17
126.279,1047,0.062000,0.051000,0.008000,0.100000,0.294199,0.951245,9.630130,30.19
126.338,1048,0.068000,0.051000,0.007000,0.100000,0.323619,0.941438,9.610517,30.20
126.392,1049,0.073000,0.051000,0.007000,0.100000,0.353039,0.941438,9.600710,30.22
126.508,1050,0.085000,0.051000,0.007000,0.100000,0.402073,0.921825,9.571290,30.25
126.560,1051,0.090000,0.050000,0.007000,0.100000,0.421686,0.921825,9.551677,30.27
126.620,1052,0.096000,0.050000,0.006000,0.100000,0.451106,0.912018,9.541870,30.29
126.679,1053,0.102000,0.050000,0.006000,0.100000,0.480526,0.902212,9.522257,30.30
126.733,1054,0.107000,0.050000,0.006000,0.100000,0.500139,0.892405,9.512450,30.32
127.463,1056,0.180000,0.045000,0.004000,0.100000,0.764919,0.735499,9.375157,30.54
127.518,1057,0.185000,0.044000,0.003000,0.100000,0.784532,0.725692,9.365351,30.55
127.584,1058,0.192000,0.044000,0.003000,0.100000,0.804145,0.706079,9.355544,30.57
127.636,1059,0.197000,0.043000,0.003000,0.100000,0.813952,0.686466,9.355544,30.59
127.691,1060,0.203000,0.043000,0.003000,0.100000,0.833565,0.676659,9.345737,30.60
127.752,1061,0.209000,0.042000,0.003000,0.100000,0.843372,0.657046,9.335931,30.62
127.811,1062,0.215000,0.042000,0.002000,0.100000,0.862985,0.637432,9.335931,30.64
127.898,1063,0.223000,0.041000,0.002000,0.100000,0.882598,0.617819,9.326124,30.66
127.952,1064,0.229000,0.040000,0.002000,0.100000,0.892405,0.598206,9.326124,30.68
128.037,1065,0.235000,0.040000,0.002000,0.100000,0.902212,0.578592,9.326124,30.70
128.091,1066,0.243000,0.039000,0.001000,0.100000,0.921825,0.549172,9.316317,30.72
128.148,1067,0.249000,0.038000,0.001000,0.100000,0.931632,0.529559,9.316317,30.74
128.284,1069,0.262000,0.037000,0.001000,0.100000,0.951245,0.490333,9.316317,30.78
128.335,1070,0.267000,0.036000,0.001000,0.100000,0.951245,0.470719,9.316317,30.79
128.397,1071,0.274000,0.036000,0.000000,0.100000,0.961052,0.451106,9.316317,30.81
129.188,1074,0.353000,0.026000,-0.002000,0.100000,0.961052,0.156906,9.384964,31.04
129.247,1075,0.358000,0.025000,-0.003000,0.100000,0.961052,0.137293,9.394771,31.05
129.299,1076,0.364000,0.024000,-0.003000,0.100000,0.951245,0.117680,9.404577,31.07
129.353,1077,0.369000,0.023000,-0.003000,0.100000,0.941438,0.088260,9.414384,31.08
129.406,1078,0.374000,0.023000,-0.003000,0.100000,0.931632,0.068647,9.424191,31.10
129.458,1079,0.380000,0.022000,-0.003000,0.100000,0.931632,0.049033,9.433997,31.11
129.531,1080,0.387000,0.021000,-0.004000,0.100000,0.912018,0.019613,9.443804,31.13
130.268,1082,0.461000,0.010000,-0.006000,0.100000,0.725692,-0.264780,9.630130,31.33
130.322,1083,0.466000,0.009000,-0.006000,0.100000,0.715885,-0.284393,9.639937,31.35
130.392,1084,0.473000,0.008000,-0.006000,0.100000,0.686466,-0.313813,9.659550,31.37
130.445,1085,0.478000,0.007000,-0.007000,0.100000,0.666852,-0.333426,9.679164,31.38
130.539,1086,0.486000,0.006000,-0.007000,0.100000,0.637432,-0.362846,9.698777,31.40
132.340,1089,0.668000,-0.022000,-0.012000,0.100000,-0.196133,-0.872792,10.179303,31.86
132.396,1090,0.673000,-0.023000,-0.012000,0.100000,-0.215746,-0.882598,10.189109,31.87
132.461,1091,0.680000,-0.024000,-0.012000,0.100000,-0.245166,-0.892405,10.198916,31.89
132.513,1092,0.685000,-0.024000,-0.013000,0.100000,-0.274586,-0.902212,10.208723,31.90
132.564,1093,0.690000,-0.025000,-0.013000,0.100000,-0.294199,-0.912018,10.218529,31.91
132.629,1094,0.695000,-0.026000,-0.013000,0.100000,-0.323619,-0.921825,10.228336,31.92
132.681,1095,0.702000,-0.027000,-0.013000,0.100000,-0.353039,-0.921825,10.238143,31.94
132.733,1096,0.707000,-0.027000,-0.013000,0.100000,-0.372653,-0.931632,10.247949,31.95
132.803,1097,0.714000,-0.028000,-0.013000,0.100000,-0.402073,-0.941438,10.247949,31.96
132.857,1098,0.720000,-0.029000,-0.013000,0.100000,-0.431493,-0.951245,10.257756,31.98
132.911,1099,0.725000,-0.030000,-0.013000,0.100000,-0.451106,-0.951245,10.267563,31.99
132.968,1100,0.730000,-0.030000,-0.014000,0.100000,-0.480526,-0.961052,10.267563,32.00
133.020,1101,0.736000,-0.031000,-0.014000,0.100000,-0.500139,-0.961052,10.277369,32.01
133.072,1102,0.741000,-0.032000,-0.014000,0.100000,-0.519752,-0.961052,10.277369,32.03
133.139,1103,0.747000,-0.033000,-0.014000,0.100000,-0.549172,-0.970858,10.287176,32.04
133.194,1104,0.753000,-0.033000,-0.014000,0.100000,-0.568786,-0.970858,10.287176,32.05
133.250,1105,0.759000,-0.034000,-0.014000,0.100000,-0.598206,-0.970858,10.287176,32.06
133.312,1106,0.765000,-0.035000,-0.014000,0.100000,-0.617819,-0.980665,10.296983,32.08
133.366,1107,0.770000,-0.035000,-0.014000,0.100000,-0.637432,-0.980665,10.296983,32.09
133.432,1108,0.777000,-0.036000,-0.015000,0.100000,-0.666852,-0.980665,10.296983,32.10
133.492,1109,0.782000,-0.037000,-0.015000,0.100000,-0.686466,-0.980665,10.296983,32.11
133.547,1110,0.788000,-0.037000,-0.015000,0.100000,-0.706079,-0.980665,10.296983,32.13
133.607,1111,0.795000,-0.038000,-0.015000,0.100000,-0.725692,-0.980665,10.296983,32.14
133.660,1112,0.800000,-0.039000,-0.015000,0.100000,-0.745305,-0.980665,10.296983,32.15
133.758,1113,0.810000,-0.040000,-0.015000,0.100000,-0.774725,-0.980665,10.287176,32.17
133.864,1115,0.820000,-0.041000,-0.015000,0.100000,-0.804145,-0.970858,10.287176,32.19
133.920,1116,0.826000,-0.041000,-0.015000,0.100000,-0.813952,-0.970858,10.287176,32.21
133.974,1117,0.831000,-0.042000,-0.015000,0.100000,-0.833565,-0.961052,10.277369,32.22
134.027,1118,0.837000,-0.042000,-0.016000,0.100000,-0.843372,-0.961052,10.277369,32.23
134.098,1119,0.844000,-0.043000,-0.016000,0.100000,-0.862985,-0.951245,10.267563,32.24
134.154,1120,0.849000,-0.043000,-0.016000,0.100000,-0.872792,-0.951245,10.257756,32.25
134.206,1121,0.854000,-0.044000,-0.016000,0.100000,-0.882598,-0.941438,10.257756,32.26
134.263,1122,0.860000,-0.044000,-0.016000,0.100000,-0.902212,-0.941438,10.247949,32.27
134.321,1123,0.866000,-0.045000,-0.016000,0.100000,-0.912018,-0.931632,10.238143,32.28
134.373,1124,0.871000,-0.045000,-0.016000,0.100000,-0.921825,-0.921825,10.238143,32.30
134.496,1126,0.883000,-0.046000,-0.016000,0.100000,-0.941438,-0.902212,10.218529,32.32
134.549,1127,0.889000,-0.047000,-0.016000,0.100000,-0.941438,-0.902212,10.208723,32.33
134.645,1128,0.898000,-0.047000,-0.016000,0.100000,-0.961052,-0.882598,10.189109,32.35
134.696,1129,0.903000,-0.048000,-0.016000,0.100000,-0.961052,-0.872792,10.179303,32.36
134.759,1130,0.910000,-0.048000,-0.017000,0.100000,-0.970858,-0.862985,10.169496,32.37
134.811,1131,0.915000,-0.048000,-0.017000,0.100000,-0.970858,-0.853179,10.159689,32.38
134.902,1132,0.922000,-0.049000,-0.017000,0.100000,-0.970858,-0.843372,10.140076,32.39
134.955,1133,0.929000,-0.049000,-0.017000,0.100000,-0.980665,-0.823759,10.120463,32.40
135.861,1136,1.020000,-0.052000,-0.017000,0.100000,-0.912018,-0.578592,9.885103,32.56
135.913,1137,1.025000,-0.052000,-0.017000,0.100000,-0.902212,-0.558979,9.875297,32.56
135.964,1138,1.030000,-0.052000,-0.017000,0.100000,-0.892405,-0.549172,9.855683,32.57
136.078,1140,1.042000,-0.052000,-0.017000,0.100000,-0.862985,-0.509946,9.826263,32.59
136.131,1141,1.047000,-0.052000,-0.017000,0.100000,-0.853179,-0.490333,9.806650,32.60
136.188,1142,1.053000,-0.052000,-0.017000,0.100000,-0.833565,-0.470719,9.787037,32.61
136.242,1143,1.058000,-0.052000,-0.017000,0.100000,-0.823759,-0.451106,9.777230,32.61
136.293,1144,1.063000,-0.052000,-0.017000,0.100000,-0.804145,-0.431493,9.757617,32.62
136.365,1145,1.070000,-0.052000,-0.017000,0.100000,-0.784532,-0.411879,9.738003,32.63
136.421,1146,1.076000,-0.052000,-0.017000,0.100000,-0.774725,-0.392266,9.718390,32.64
136.580,1148,1.092000,-0.052000,-0.017000,0.100000,-0.715885,-0.333426,9.679164,32.66
136.636,1149,1.097000,-0.052000,-0.017000,0.100000,-0.696272,-0.313813,9.659550,32.67
137.860,1152,1.220000,-0.046000,-0.017000,0.100000,-0.176520,0.166713,9.384964,32.82
137.918,1153,1.226000,-0.045000,-0.017000,0.100000,-0.147100,0.186326,9.375157,32.82
137.970,1154,1.231000,-0.045000,-0.017000,0.100000,-0.127486,0.205940,9.365351,32.83
138.022,1155,1.236000,-0.044000,-0.017000,0.100000,-0.098067,0.225553,9.365351,32.83
138.081,1156,1.242000,-0.044000,-0.016000,0.100000,-0.068647,0.245166,9.355544,32.84
138.134,1157,1.247000,-0.043000,-0.016000,0.100000,-0.049033,0.264780,9.345737,32.84
138.188,1158,1.253000,-0.043000,-0.016000,0.100000,-0.019613,0.284393,9.345737,32.85
138.244,1159,1.258000,-0.042000,-0.016000,0.100000,0.009807,0.304006,9.335931,32.85
138.301,1160,1.264000,-0.042000,-0.016000,0.100000,0.039227,0.333426,9.335931,32.86
138.469,1162,1.280000,-0.040000,-0.016000,0.100000,0.117680,0.392266,9.326124,32.87
138.523,1163,1.286000,-0.039000,-0.016000,0.100000,0.147100,0.411879,9.316317,32.88
138.576,1164,1.291000,-0.039000,-0.016000,0.100000,0.166713,0.431493,9.316317,32.88
138.628,1165,1.297000,-0.038000,-0.016000,0.100000,0.196133,0.451106,9.316317,32.89
138.696,1166,1.303000,-0.038000,-0.016000,0.100000,0.225553,0.470719,9.316317,32.89
138.754,1167,1.309000,-0.037000,-0.016000,0.100000,0.254973,0.490333,9.316317,32.90
138.806,1168,1.314000,-0.036000,-0.015000,0.100000,0.284393,0.509946,9.316317,32.90
139.543,1170,1.388000,-0.027000,-0.014000,0.100000,0.598206,0.725692,9.375157,32.95
139.598,1171,1.394000,-0.027000,-0.014000,0.100000,0.617819,0.745305,9.375157,32.95
139.687,1172,1.400000,-0.026000,-0.014000,0.100000,0.647239,0.755112,9.384964,32.96
139.742,1173,1.408000,-0.025000,-0.014000,0.100000,0.676659,0.774725,9.404577,32.96
139.797,1174,1.413000,-0.024000,-0.014000,0.100000,0.696272,0.794339,9.404577,32.96
139.863,1175,1.419000,-0.023000,-0.013000,0.100000,0.715885,0.804145,9.424191,32.97
139.916,1176,1.425000,-0.022000,-0.013000,0.100000,0.735499,0.823759,9.433997,32.97
139.975,1177,1.431000,-0.021000,-0.013000,0.100000,0.755112,0.833565,9.443804,32.97
140.029,1178,1.437000,-0.020000,-0.013000,0.100000,0.764919,0.843372,9.453611,32.97
140.086,1179,1.442000,-0.020000,-0.013000,0.100000,0.784532,0.853179,9.463417,32.98
141.483,1183,1.582000,0.002000,-0.009000,0.100000,0.980665,0.980665,9.836070,33.00
141.536,1184,1.587000,0.003000,-0.009000,0.100000,0.980665,0.980665,9.855683,33.00
141.683,1186,1.602000,0.005000,-0.008000,0.100000,0.970858,0.970858,9.894910,33.00
141.765,1187,1.610000,0.006000,-0.008000,0.100000,0.961052,0.970858,9.924330,33.00
141.817,1188,1.616000,0.007000,-0.008000,0.100000,0.961052,0.961052,9.934136,33.00
141.869,1189,1.621000,0.008000,-0.008000,0.100000,0.951245,0.961052,9.953750,33.00
141.934,1190,1.627000,0.009000,-0.008000,0.100000,0.941438,0.951245,9.973363,33.00
141.992,1191,1.633000,0.010000,-0.008000,0.100000,0.931632,0.951245,9.983170,32.99
142.049,1192,1.639000,0.011000,-0.007000,0.100000,0.921825,0.941438,10.002783,32.99
142.112,1193,1.645000,0.012000,-0.007000,0.100000,0.912018,0.941438,10.022396,32.99
142.163,1194,1.650000,0.012000,-0.007000,0.100000,0.902212,0.931632,10.032203,32.99
142.215,1195,1.655000,0.013000,-0.007000,0.100000,0.892405,0.921825,10.042010,32.99
142.293,1196,1.663000,0.014000,-0.007000,0.100000,0.882598,0.912018,10.061623,32.99
143.542,1199,1.788000,0.032000,-0.002000,0.100000,0.460913,0.637432,10.277369,32.93
143.603,1200,1.794000,0.033000,-0.002000,0.100000,0.431493,0.617819,10.287176,32.93
143.661,1201,1.800000,0.033000,-0.002000,0.100000,0.402073,0.598206,10.287176,32.92
143.717,1202,1.806000,0.034000,-0.002000,0.100000,0.382459,0.578592,10.287176,32.92
143.774,1203,1.811000,0.035000,-0.002000,0.100000,0.353039,0.558979,10.296983,32.91
143.852,1204,1.818000,0.035000,-0.001000,0.100000,0.323619,0.539366,10.296983,32.91
143.904,1205,1.824000,0.036000,-0.001000,0.100000,0.294199,0.519752,10.296983,32.90
143.954,1206,1.829000,0.037000,-0.001000,0.100000,0.264780,0.500139,10.296983,32.90
144.020,1207,1.836000,0.037000,-0.001000,0.100000,0.235360,0.480526,10.296983,32.90
144.075,1208,1.841000,0.038000,-0.001000,0.100000,0.215746,0.460913,10.296983,32.89
144.127,1209,1.846000,0.039000,0.000000,0.100000,0.186326,0.441299,10.296983,32.89
144.841,1212,1.918000,0.045000,0.002000,0.100000,-0.156906,0.176520,10.238143,32.82
144.894,1213,1.923000,0.046000,0.002000,0.100000,-0.186326,0.156906,10.228336,32.82
144.970,1214,1.930000,0.046000,0.003000,0.100000,-0.215746,0.127486,10.218529,32.81
145.029,1215,1.936000,0.047000,0.003000,0.100000,-0.245166,0.107873,10.208723,32.80
145.083,1216,1.942000,0.047000,0.003000,0.100000,-0.274586,0.088260,10.198916,32.80
145.141,1217,1.948000,0.047000,0.003000,0.100000,-0.304006,0.058840,10.179303,32.79
145.194,1218,1.953000,0.048000,0.003000,0.100000,-0.323619,0.039227,10.169496,32.78
145.287,1219,1.963000,0.048000,0.004000,0.100000,-0.372653,0.000000,10.159689,32.77
145.340,1220,1.968000,0.049000,0.004000,0.100000,-0.392266,-0.019613,10.140076,32.77
145.392,1221,1.973000,0.049000,0.004000,0.100000,-0.421686,-0.039227,10.130269,32.76
145.452,1222,1.979000,0.049000,0.004000,0.100000,-0.441299,-0.058840,10.120463,32.75
145.504,1223,1.984000,0.050000,0.004000,0.100000,-0.470719,-0.078453,10.110656,32.75
145.556,1224,1.989000,0.050000,0.005000,0.100000,-0.490333,-0.098067,10.091043,32.74
146.196,1226,2.053000,0.052000,0.007000,0.100000,-0.735499,-0.343233,9.924330,32.66
146.252,1227,2.059000,0.052000,0.007000,0.100000,-0.745305,-0.362846,9.914523,32.65
146.304,1228,2.064000,0.052000,0.007000,0.100000,-0.764919,-0.382459,9.894910,32.64
146.357,1229,2.070000,0.052000,0.007000,0.100000,-0.784532,-0.402073,9.875297,32.63
147.107,1231,2.145000,0.052000,0.010000,0.100000,-0.941438,-0.647239,9.659550,32.52
147.160,1232,2.150000,0.052000,0.010000,0.100000,-0.951245,-0.666852,9.649744,32.51
147.243,1233,2.157000,0.051000,0.010000,0.100000,-0.961052,-0.686466,9.630130,32.50
147.295,1234,2.163000,0.051000,0.010000,0.100000,-0.961052,-0.706079,9.610517,32.49
147.347,1235,2.169000,0.051000,0.010000,0.100000,-0.970858,-0.715885,9.590904,32.48
148.088,1238,2.243000,0.047000,0.012000,0.100000,-0.961052,-0.882598,9.424191,32.35
148.181,1239,2.252000,0.047000,0.012000,0.100000,-0.951245,-0.892405,9.404577,32.33
148.242,1240,2.258000,0.046000,0.013000,0.100000,-0.941438,-0.902212,9.394771,32.32
148.325,1241,2.266000,0.046000,0.013000,0.100000,-0.921825,-0.921825,9.384964,32.30
148.377,1242,2.271000,0.045000,0.013000,0.100000,-0.921825,-0.921825,9.375157,32.29
148.431,1243,2.277000,0.045000,0.013000,0.100000,-0.912018,-0.931632,9.375157,32.28
148.487,1244,2.282000,0.044000,0.013000,0.100000,-0.892405,-0.941438,9.365351,32.27
148.541,1245,2.288000,0.044000,0.013000,0.100000,-0.882598,-0.941438,9.355544,32.26
148.593,1246,2.293000,0.043000,0.013000,0.100000,-0.872792,-0.951245,9.355544,32.25
148.667,1247,2.300000,0.043000,0.014000,0.100000,-0.853179,-0.961052,9.345737,32.24
148.722,1248,2.306000,0.042000,0.014000,0.100000,-0.843372,-0.961052,9.335931,32.23
149.631,1251,2.397000,0.032000,0.015000,0.100000,-0.539366,-0.970858,9.326124,32.03
149.684,1252,2.402000,0.032000,0.015000,0.100000,-0.519752,-0.961052,9.335931,32.02
149.756,1253,2.409000,0.031000,0.016000,0.100000,-0.490333,-0.961052,9.345737,32.01
149.812,1254,2.415000,0.030000,0.016000,0.100000,-0.460913,-0.951245,9.345737,31.99
149.918,1255,2.426000,0.029000,0.016000,0.100000,-0.411879,-0.941438,9.355544,31.97
149.972,1256,2.431000,0.028000,0.016000,0.100000,-0.392266,-0.941438,9.365351,31.96
150.146,1258,2.448000,0.026000,0.016000,0.100000,-0.313813,-0.912018,9.384964,31.92
150.293,1260,2.463000,0.023000,0.016000,0.100000,-0.245166,-0.892405,9.414384,31.88
150.348,1261,2.469000,0.023000,0.016000,0.100000,-0.215746,-0.882598,9.424191,31.87
151.220,1265,2.556000,0.010000,0.017000,0.100000,0.205940,-0.686466,9.630130,31.66
153.006,1270,2.734000,-0.018000,0.017000,0.100000,0.872792,-0.058840,10.120463,31.19
154.172,1273,2.851000,-0.034000,0.016000,0.100000,0.970858,0.392266,10.287176,30.86
154.274,1274,2.861000,-0.035000,0.016000,0.100000,0.970858,0.421686,10.296983,30.83
154.329,1275,2.867000,-0.036000,0.016000,0.100000,0.961052,0.441299,10.296983,30.81
154.399,1276,2.873000,-0.036000,0.016000,0.100000,0.951245,0.470719,10.296983,30.80
154.450,1277,2.879000,-0.037000,0.016000,0.100000,0.951245,0.490333,10.296983,30.78
154.501,1278,2.884000,-0.037000,0.015000,0.100000,0.941438,0.500139,10.296983,30.76
154.562,1279,2.890000,-0.038000,0.015000,0.100000,0.931632,0.529559,10.296983,30.75
154.618,1280,2.895000,-0.039000,0.015000,0.100000,0.921825,0.539366,10.296983,30.73
155.454,1282,2.978000,-0.046000,0.014000,0.100000,0.715885,0.774725,10.218529,30.49
155.515,1283,2.985000,-0.047000,0.013000,0.100000,0.686466,0.794339,10.198916,30.47
155.568,1284,2.991000,-0.047000,0.013000,0.100000,0.676659,0.804145,10.189109,30.45
155.619,1285,2.996000,-0.047000,0.013000,0.100000,0.657046,0.813952,10.179303,30.44
155.702,1286,3.004000,-0.048000,0.013000,0.100000,0.627626,0.833565,10.169496,30.41
155.754,1287,3.009000,-0.048000,0.013000,0.100000,0.598206,0.843372,10.159689,30.40
155.819,1288,3.016000,-0.049000,0.013000,0.100000,0.578592,0.862985,10.140076,30.38
155.872,1289,3.021000,-0.049000,0.013000,0.100000,0.558979,0.872792,10.130269,30.36
155.925,1290,3.026000,-0.049000,0.013000,0.100000,0.539366,0.882598,10.120463,30.35
156.022,1291,3.036000,-0.050000,0.012000,0.100000,0.490333,0.892405,10.100849,30.32
156.079,1292,3.042000,-0.050000,0.012000,0.100000,0.470719,0.902212,10.081236,30.30
156.131,1293,3.047000,-0.050000,0.012000,0.100000,0.451106,0.912018,10.071430,30.28
156.192,1294,3.053000,-0.051000,0.012000,0.100000,0.421686,0.921825,10.051816,30.27
156.246,1295,3.058000,-0.051000,0.012000,0.100000,0.392266,0.931632,10.042010,30.25
156.300,1296,3.064000,-0.051000,0.012000,0.100000,0.372653,0.931632,10.022396,30.23
156.387,1297,3.072000,-0.051000,0.011000,0.100000,0.333426,0.941438,10.002783,30.21
156.439,1298,3.078000,-0.051000,0.011000,0.100000,0.304006,0.951245,9.992976,30.19
156.490,1299,3.083000,-0.052000,0.011000,0.100000,0.284393,0.951245,9.973363,30.18
156.642,1301,3.098000,-0.052000,0.011000,0.100000,0.215746,0.961052,9.934136,30.13
156.694,1302,3.103000,-0.052000,0.011000,0.100000,0.186326,0.970858,9.914523,30.12
156.773,1303,3.111000,-0.052000,0.010000,0.100000,0.147100,0.970858,9.894910,30.09
156.830,1304,3.117000,-0.052000,0.010000,0.100000,0.117680,0.980665,9.875297,30.07
157.482,1306,-3.101000,-0.052000,0.008000,0.100000,-0.196133,0.970858,9.688970,29.88
157.635,1308,-3.086000,-0.052000,0.008000,0.100000,-0.264780,0.961052,9.649744,29.83
157.706,1309,-3.080000,-0.051000,0.008000,0.100000,-0.294199,0.951245,9.630130,29.81
157.760,1310,-3.073000,-0.051000,0.007000,0.100000,-0.323619,0.941438,9.610517,29.80
157.811,1311,-3.068000,-0.051000,0.007000,0.100000,-0.353039,0.941438,9.600710,29.78
158.446,1313,-3.005000,-0.048000,0.005000,0.100000,-0.617819,0.833565,9.443804,29.59
158.509,1314,-2.998000,-0.048000,0.005000,0.100000,-0.647239,0.823759,9.433997,29.57
158.570,1315,-2.993000,-0.047000,0.005000,0.100000,-0.666852,0.813952,9.424191,29.55
158.679,1316,-2.982000,-0.046000,0.004000,0.100000,-0.706079,0.784532,9.404577,29.52
159.315,1318,-2.918000,-0.041000,0.002000,0.100000,-0.882598,0.617819,9.326124,29.33
159.369,1319,-2.913000,-0.040000,0.002000,0.100000,-0.892405,0.598206,9.326124,29.32
159.574,1322,-2.892000,-0.038000,0.001000,0.100000,-0.931632,0.529559,9.316317,29.26
159.667,1323,-2.883000,-0.037000,0.001000,0.100000,-0.941438,0.500139,9.316317,29.23
161.474,1327,-2.702000,-0.013000,-0.005000,0.100000,-0.794339,-0.186326,9.571290,28.72
161.535,1328,-2.696000,-0.012000,-0.006000,0.100000,-0.774725,-0.205940,9.581097,28.71
161.591,1329,-2.691000,-0.011000,-0.006000,0.100000,-0.755112,-0.225553,9.600710,28.69
161.643,1330,-2.685000,-0.010000,-0.006000,0.100000,-0.745305,-0.245166,9.610517,28.68
161.722,1331,-2.677000,-0.009000,-0.006000,0.100000,-0.715885,-0.274586,9.639937,28.66
161.774,1332,-2.672000,-0.008000,-0.006000,0.100000,-0.696272,-0.294199,9.649744,28.64
161.826,1333,-2.667000,-0.008000,-0.006000,0.100000,-0.676659,-0.313813,9.669357,28.63
161.893,1334,-2.660000,-0.007000,-0.007000,0.100000,-0.657046,-0.343233,9.679164,28.61
161.946,1335,-2.655000,-0.006000,-0.007000,0.100000,-0.637432,-0.362846,9.698777,28.60
162.030,1336,-2.647000,-0.004000,-0.007000,0.100000,-0.608012,-0.392266,9.718390,28.58
162.081,1337,-2.641000,-0.004000,-0.007000,0.100000,-0.588399,-0.411879,9.738003,28.56
162.133,1338,-2.636000,-0.003000,-0.007000,0.100000,-0.568786,-0.431493,9.757617,28.55
163.467,1342,-2.503000,0.018000,-0.011000,0.100000,0.049033,-0.813952,10.120463,28.21
163.521,1343,-2.497000,0.019000,-0.011000,0.100000,0.078453,-0.823759,10.130269,28.20
163.577,1344,-2.492000,0.019000,-0.012000,0.100000,0.107873,-0.843372,10.140076,28.18
163.633,1345,-2.486000,0.020000,-0.012000,0.100000,0.137293,-0.853179,10.159689,28.17
163.685,1346,-2.481000,0.021000,-0.012000,0.100000,0.156906,-0.862985,10.169496,28.16
163.749,1347,-2.475000,0.022000,-0.012000,0.100000,0.186326,-0.872792,10.179303,28.14
163.809,1348,-2.468000,0.023000,-0.012000,0.100000,0.215746,-0.882598,10.189109,28.13
163.893,1349,-2.462000,0.024000,-0.012000,0.100000,0.254973,-0.892405,10.198916,28.11
163.944,1350,-2.455000,0.025000,-0.013000,0.100000,0.284393,-0.902212,10.208723,28.10
164.090,1352,-2.440000,0.027000,-0.013000,0.100000,0.353039,-0.921825,10.238143,28.06
164.164,1353,-2.433000,0.028000,-0.013000,0.100000,0.382459,-0.931632,10.247949,28.05
165.615,1358,-2.288000,0.044000,-0.016000,0.100000,0.882598,-0.941438,10.257756,27.74
165.675,1359,-2.283000,0.044000,-0.016000,0.100000,0.892405,-0.941438,10.247949,27.73
165.738,1360,-2.276000,0.045000,-0.016000,0.100000,0.912018,-0.931632,10.238143,27.71
165.793,1361,-2.270000,0.045000,-0.016000,0.100000,0.921825,-0.921825,10.228336,27.70
165.845,1362,-2.265000,0.046000,-0.016000,0.100000,0.931632,-0.912018,10.228336,27.69
165.903,1363,-2.259000,0.046000,-0.016000,0.100000,0.941438,-0.912018,10.218529,27.68
165.955,1364,-2.254000,0.046000,-0.016000,0.100000,0.941438,-0.902212,10.208723,27.67
166.007,1365,-2.249000,0.047000,-0.016000,0.100000,0.951245,-0.892405,10.198916,27.66
